scenario,scheduler,seed,wall_s,events,pd,pd_weighted,emitters_visible,emitters_intercepted,intercept_rate,event_intercept_rate,ttfi_mean,ttfi_censored_mean,track_purity,n_tracks,predicted_dwells,pfa,correct_predictions,mode_prediction_acc,intercept_time_error_ms,tune_overhead,idle_fraction,steps,pd[acquisition],pd[coastal],pd[surveillance],pd[agile],pd[lpi],pd[mfr],pd[fire_control]
S1_sparse,smart,100,1.6793732643127441,46,0.8913043478260869,0.8265895953757225,5,5,0.125,1.025,2.796081038885041,2.796081038885041,0.9996562392574768,5,36,0.02777777777777779,0.9722222222222222,,8.762985962994462,0.022625,0.8728993477426679,3653,0.6666666666666666,1.0,1.0,,,,
S1_sparse,smart,101,1.0881354808807373,58,0.46551724137931033,0.551219512195122,5,5,0.125,0.675,14.41702861466095,14.41702861466095,1.0,5,24,0.20833333333333337,0.7916666666666666,,9.71589159237524,0.024175,0.9600338175390037,3911,1.0,0.1891891891891892,0.875,,,,
S1_sparse,smart,102,1.3315646648406982,45,0.5111111111111111,0.5253164556962026,5,5,0.125,0.575,14.788718820433576,14.788718820433576,0.998288403936671,5,131,0.1984732824427481,0.8015267175572519,,7.238992617937908,0.02293125,0.760744829880233,3726,0.6363636363636364,0.375,0.7,,,,
S1_sparse,smart,103,2.4505841732025146,55,0.6727272727272727,0.7427184466019418,5,5,0.125,0.925,10.228939204301426,10.228939204301426,0.9997825850635939,5,316,0.0,1.0,,5.489560023981283,0.026937500000000003,0.6014002183827453,4358,1.0,0.2916666666666667,0.9230769230769231,,,,
S1_sparse,smart,104,1.995361566543579,51,0.8235294117647058,0.746031746031746,5,5,0.125,1.05,4.597978866372324,4.597978866372324,0.9987886129618413,5,46,0.0,1.0,,8.302640144374182,0.02268125,0.8884192081651915,3667,0.5625,0.9130434782608695,1.0,,,,
S1_sparse,smart-no_lock,100,1.8647303581237793,46,0.32608695652173914,0.23121387283236994,5,5,0.125,0.375,7.800373063485969,7.800373063485969,0.999462654486835,5,0,,,,,0.022818750000000002,0.902269921777554,3672,0.06666666666666667,0.2857142857142857,0.8,,,,
S1_sparse,smart-no_lock,101,1.5044467449188232,58,0.3103448275862069,0.2926829268292683,5,5,0.125,0.45,8.29646314574013,8.29646314574013,1.0,5,0,,,,,0.02308125,0.980167234992673,3717,0.3076923076923077,0.21621621621621623,0.75,,,,
S1_sparse,smart-no_lock,102,1.5102806091308594,45,0.5777777777777777,0.4430379746835443,5,4,0.1,0.65,8.176778963513293,14.076415084960871,0.9988186650915535,4,0,,,,,0.023831250000000002,0.8339170353486346,3845,0.0,0.75,0.8,,,,
S1_sparse,smart-no_lock,103,3.20761775970459,55,0.509090909090909,0.5194174757281553,5,5,0.125,0.7,7.820609760375135,7.820609760375135,0.9996167848246791,5,0,,,,,0.0263875,0.7686451231881052,4261,0.5555555555555556,0.4583333333333333,0.5384615384615384,,,,
S1_sparse,smart-no_lock,104,1.631342887878418,51,0.37254901960784315,0.30687830687830686,5,5,0.125,0.475,14.55752213069763,14.55752213069763,0.9968404423380727,5,0,,,,,0.024112500000000002,0.9380051491590901,3895,0.1875,0.34782608695652173,0.6666666666666666,,,,
S1_sparse,smart-no_acquire,100,0.9546849727630615,46,0.2608695652173913,0.17341040462427745,5,3,0.075,0.3,4.354986307219516,17.97540507864837,0.9993654822335025,3,86,0.0,1.0,,6.59622494680967,0.0218625,0.9215601078580359,3516,0.0,0.2857142857142857,0.6,,,,
S1_sparse,smart-no_acquire,101,0.778620719909668,58,0.1724137931034483,0.18536585365853658,5,5,0.125,0.25,13.779305337757572,13.779305337757572,1.0,5,9,0.4444444444444444,0.5555555555555556,,7.893910919153767,0.02169375,0.9820799979557245,3483,0.3076923076923077,0.05405405405405406,0.5,,,,
S1_sparse,smart-no_acquire,102,0.6657395362854004,45,0.13333333333333333,0.08860759493670886,5,3,0.075,0.15,17.148618985913455,25.00823052083723,1.0,5,2,0.0,1.0,,6.942598345919038,0.0213625,0.9385497694499418,3428,0.0,0.08333333333333333,0.4,,,,
S1_sparse,smart-no_acquire,103,0.8035781383514404,55,0.14545454545454545,0.13592233009708737,5,4,0.1,0.2,11.182395646059886,15.708249267857251,0.9995551601423488,5,3,0.6666666666666667,0.3333333333333333,,2.8914512937596726,0.021475,0.9003602360695874,3442,0.1111111111111111,0.16666666666666666,0.15384615384615385,,,,
S1_sparse,smart-no_acquire,104,0.8521559238433838,51,0.21568627450980393,0.17989417989417988,5,5,0.125,0.275,18.41572064550621,18.41572064550621,1.0,5,18,0.11111111111111116,0.8888888888888888,,5.03215402474444,0.0215375,0.9602181994711058,3459,0.125,0.17391304347826086,0.4166666666666667,,,,
S1_sparse,smart-no_lock_no_acquire,100,0.8084878921508789,46,0.1956521739130435,0.1329479768786127,5,4,0.1,0.225,10.297109573748012,16.05907561446785,1.0,4,0,,,,,0.02185625,0.9647291106240747,3502,0.0,0.23809523809523808,0.4,,,,
S1_sparse,smart-no_lock_no_acquire,101,1.1936347484588623,58,0.13793103448275862,0.14634146341463414,5,5,0.125,0.2,13.779305337757572,13.779305337757572,1.0,5,0,,,,,0.021825,0.9877322564980697,3501,0.23076923076923078,0.05405405405405406,0.375,,,,
S1_sparse,smart-no_lock_no_acquire,102,0.961845874786377,45,0.13333333333333333,0.08860759493670886,5,3,0.075,0.15,17.126385447864546,24.994890398007886,1.0,5,0,,,,,0.021374999999999998,0.9397113296717279,3428,0.0,0.08333333333333333,0.4,,,,
S1_sparse,smart-no_lock_no_acquire,103,0.9461486339569092,55,0.16363636363636364,0.15048543689320387,5,3,0.075,0.225,4.982185052059839,17.533517418945582,1.0,4,0,,,,,0.021531250000000002,0.9008655105234508,3447,0.1111111111111111,0.20833333333333334,0.15384615384615385,,,,
S1_sparse,smart-no_lock_no_acquire,104,0.5910367965698242,51,0.19607843137254902,0.14814814814814814,5,5,0.125,0.25,18.966883912393563,18.966883912393563,1.0,5,0,,,,,0.021593750000000002,0.967549266983932,3466,0.0625,0.17391304347826086,0.4166666666666667,,,,
S1_sparse,smart-sweep_explore,100,2.5431277751922607,46,0.717391304347826,0.5838150289017341,5,5,0.125,0.825,7.676111777199838,7.676111777199838,0.9989969909729187,5,307,0.0032573289902280145,0.996742671009772,,6.719100986383988,0.0256125,0.7480725070877589,4132,0.26666666666666666,0.9047619047619048,1.0,,,,
S1_sparse,smart-sweep_explore,101,1.4128599166870117,58,0.7413793103448276,0.6585365853658537,5,5,0.125,1.075,10.755776033386478,10.755776033386478,0.9990697674418605,5,45,0.0888888888888889,0.9111111111111111,,9.763671048726351,0.02639375,0.9357543154637661,4252,0.3076923076923077,0.8918918918918919,0.75,,,,
S1_sparse,smart-sweep_explore,102,2.7652194499969482,45,0.6888888888888889,0.5253164556962026,5,4,0.1,0.775,1.269059922539963,8.550239852182207,0.9996900185988841,4,131,0.06106870229007633,0.9389312977099237,,6.613522541222667,0.02418125,0.7052218969967319,3899,0.0,0.875,1.0,,,,
S1_sparse,smart-sweep_explore,103,2.3450818061828613,55,0.8363636363636363,0.8203883495145631,5,5,0.125,1.15,3.2680695068759205,3.2680695068759205,0.9998722044728434,5,296,0.006756756756756799,0.9932432432432432,,5.231056239792278,0.026087500000000003,0.6660762645515285,4217,0.7777777777777778,0.875,0.8461538461538461,,,,
S1_sparse,smart-sweep_explore,104,1.3782858848571777,51,0.8431372549019608,0.7671957671957672,5,5,0.125,1.075,4.600462346363751,4.600462346363751,0.9982394366197183,5,74,0.04054054054054057,0.9594594594594594,,14.488410147442362,0.024481250000000003,0.8744001588898093,3959,0.5625,1.0,0.9166666666666666,,,,
S1_sparse,smart-random_explore,100,2.0522351264953613,46,0.5434782608695652,0.6358381502890174,5,3,0.075,0.625,0.0339314351625177,15.298059467697351,0.9993567063364426,3,22,0.0,1.0,,6.955155343251962,0.02318125,0.8513797979410072,3805,1.0,0.0,1.0,,,,
S1_sparse,smart-random_explore,101,1.1417934894561768,58,0.6206896551724138,0.4926829268292683,5,4,0.1,0.9,6.53372655854186,12.901114005714144,1.0,4,49,0.26530612244897955,0.7346938775510204,,9.351071763432392,0.022568750000000002,0.9415559917897014,3706,0.0,0.7837837837837838,0.875,,,,
S1_sparse,smart-random_explore,102,2.0285277366638184,45,0.6666666666666666,0.6139240506329114,5,5,0.125,0.75,7.776278499386281,7.776278499386281,1.0,5,145,0.08965517241379306,0.9103448275862069,,6.118446219214851,0.0242875,0.7794688496867532,3983,0.45454545454545453,0.7083333333333334,0.8,,,,
S1_sparse,smart-random_explore,103,2.3739469051361084,55,0.5818181818181818,0.6844660194174758,5,5,0.125,0.8,13.186250744317316,13.186250744317316,0.9998056365403304,5,27,0.0,1.0,,8.604875126226553,0.0231375,0.7765550422909903,3810,1.0,0.20833333333333334,0.6923076923076923,,,,
S1_sparse,smart-random_explore,104,2.2924962043762207,51,0.8627450980392157,0.8412698412698413,5,5,0.125,1.1,3.6527349126947817,3.6527349126947817,0.9984748347737672,5,36,0.02777777777777779,0.9722222222222222,,10.030699927251723,0.02285625,0.8668824315767161,3774,0.8125,0.8260869565217391,1.0,,,,
S1_sparse,smart-no_jitter,100,2.8698365688323975,46,0.9347826086956522,0.930635838150289,5,5,0.125,1.075,2.110620355846336,2.110620355846336,0.9996844430419691,5,36,0.0,1.0,,10.495315155301801,0.02555,0.8690286828467243,4114,0.9333333333333333,0.9047619047619048,1.0,,,,
S1_sparse,smart-no_jitter,101,1.526075839996338,58,0.9137931034482759,0.9414634146341463,5,5,0.125,1.325,5.974277175438979,5.974277175438979,1.0,5,68,0.17647058823529416,0.8235294117647058,,11.147524465975858,0.024975,0.9153867849542251,4046,1.0,0.9459459459459459,0.625,,,,
S1_sparse,smart-no_jitter,102,1.6483888626098633,45,0.2222222222222222,0.1518987341772152,5,3,0.075,0.25,15.451959737735704,24.376119155913763,1.0,3,11,0.09090909090909094,0.9090909090909091,,5.351433700568364,0.024925,0.8200394841422276,4018,0.09090909090909091,0.0,0.9,,,,
S1_sparse,smart-no_jitter,103,4.168115139007568,55,0.9272727272727272,0.9271844660194175,5,5,0.125,1.275,1.0269238559225589,1.0269238559225589,0.9997928534438115,5,514,0.0038910505836575737,0.9961089494163424,,5.234026034677351,0.027118750000000004,0.5612452701704943,4402,0.9444444444444444,0.875,1.0,,,,
S1_sparse,smart-no_jitter,104,1.2050058841705322,51,0.47058823529411764,0.5079365079365079,5,3,0.075,0.6,3.3478367623832894,17.022209996506916,1.0,3,17,0.0,1.0,,8.569474707440333,0.0249375,0.905390680084605,4012,0.75,0.0,1.0,,,,
S2_dense,smart,100,8.35209584236145,932,0.5171673819742489,0.5184022824536376,35,31,0.775,12.05,2.679071120351545,6.727615671760938,0.9971722208708343,40,739,0.37753721244925575,0.6224627875507442,,5.268842265067373,0.0192875,0.35359496284590064,3358,0.42016806722689076,0.8571428571428571,0.6666666666666666,0.3191489361702128,0.0,0.48863636363636365,
S2_dense,smart,101,8.397958278656006,862,0.4060324825986079,0.391876523151909,35,30,0.75,8.75,7.702486793253472,11.766847871664195,0.9941506465074913,48,481,0.39501039501039503,0.604989604989605,,5.463682249845285,0.026537500000000002,0.5145550034028517,4430,0.7164179104477612,0.4715447154471545,0.3333333333333333,0.39344262295081966,0.4,0.3134920634920635,
S2_dense,smart,102,9.21522331237793,807,0.48079306071871125,0.4626970227670753,37,34,0.85,9.7,2.4994676771065243,5.277943195925517,0.9952169030487044,43,970,0.36185567010309283,0.6381443298969072,,7.614414362999021,0.020025,0.23990407918570833,3508,0.5648148148148148,0.6666666666666666,0.6666666666666666,0.26,0.6363636363636364,0.41416309012875535,
S2_dense,smart,103,9.562504053115845,996,0.5893574297188755,0.5887191539365453,36,33,0.825,14.675,1.4386531337400152,4.515514214600868,0.9979527039922272,49,898,0.4020044543429844,0.5979955456570156,,6.8907922999285764,0.01744375,0.2524601008847802,3208,0.5130434782608696,0.8583333333333333,0.6451612903225806,0.25,0.7619047619047619,0.576271186440678,
S2_dense,smart,104,8.53096628189087,896,0.4497767857142857,0.42414578587699314,35,32,0.8,10.075,5.307043047234427,8.264189858364432,0.9919765382912793,43,690,0.33043478260869563,0.6695652173913044,,5.156180221540502,0.022818750000000002,0.4554746112862573,3812,0.6356589147286822,0.7727272727272727,0.6666666666666666,0.18461538461538463,0.8,0.35507246376811596,
S2_dense,smart-no_lock,100,7.299553155899048,932,0.31008583690987124,0.26676176890156916,35,35,0.875,7.225,3.787078864057136,3.787078864057136,0.9991457484557761,46,0,,,,,0.0311,0.7032459490144253,5006,0.453781512605042,0.6071428571428571,0.7,0.46808510638297873,0.5,0.19480519480519481,
S2_dense,smart-no_lock,101,6.289095640182495,862,0.3619489559164733,0.30869212022745735,35,35,0.875,7.8,7.056666482640046,7.056666482640046,0.993523451373655,47,0,,,,,0.0327625,0.7118081133123627,5300,0.5373134328358209,0.6829268292682927,0.5666666666666667,0.32786885245901637,0.5,0.2261904761904762,
S2_dense,smart-no_lock,102,8.88272476196289,807,0.41263940520446096,0.3612959719789842,37,37,0.925,8.325,5.953428365590657,5.953428365590657,0.9983078224751942,49,0,,,,,0.03241875,0.67677133057298,5237,0.3888888888888889,0.7692307692307693,0.7878787878787878,0.42,0.6060606060606061,0.2875536480686695,
S2_dense,smart-no_lock,103,10.336889266967773,996,0.48895582329317266,0.4356965661313487,36,36,0.9,12.175,2.294125336638272,2.294125336638272,0.9992343340721338,55,0,,,,,0.030943750000000003,0.695451115453792,4986,0.7739130434782608,0.875,0.6774193548387096,0.4666666666666667,0.7142857142857143,0.35285053929121724,
S2_dense,smart-no_lock,104,8.681053638458252,896,0.3560267857142857,0.2949126803340926,35,35,0.875,7.975,7.921758091199157,7.921758091199157,0.9912109375,49,0,,,,,0.030756250000000002,0.7146035246552506,4966,0.6124031007751938,0.7909090909090909,0.6666666666666666,0.27692307692307694,0.4,0.20108695652173914,
S2_dense,smart-no_acquire,100,3.9495766162872314,932,0.3315450643776824,0.33680456490727534,35,31,0.775,7.725,7.663867843987208,10.958561444201852,0.9949129328898454,44,436,0.5435779816513762,0.45642201834862384,,6.576669710616013,0.0175125,0.6497156452372042,3025,0.11764705882352941,0.5892857142857143,0.26666666666666666,0.5319148936170213,0.25,0.31493506493506496,
S2_dense,smart-no_acquire,101,2.389704942703247,862,0.13805104408352667,0.120714865962632,35,30,0.75,2.975,7.7801108018057015,12.070515095057264,0.9754175488120442,47,285,0.631578947368421,0.3684210526315789,,9.20559830244151,0.0201375,0.7757848677747994,3373,0.19402985074626866,0.13821138211382114,0.4666666666666667,0.3442622950819672,0.1,0.07936507936507936,
S2_dense,smart-no_acquire,102,2.718879222869873,807,0.21065675340768278,0.1989492119089317,37,32,0.8,4.25,9.57028520701061,13.523634310397648,0.9945719455289972,55,400,0.3125,0.6875,,10.809507071061697,0.018187500000000002,0.6234642561589251,3078,0.17592592592592593,0.3247863247863248,0.3333333333333333,0.38,0.15151515151515152,0.16738197424892703,
S2_dense,smart-no_acquire,103,3.654521942138672,996,0.3674698795180723,0.4061887974931453,36,35,0.875,9.15,9.383463905249934,10.221766735140788,0.9964111291993488,47,414,0.5048309178743962,0.49516908212560384,,8.811033456094984,0.017931250000000003,0.6436603852836005,3053,0.1391304347826087,0.31666666666666665,0.2903225806451613,0.2833333333333333,0.09523809523809523,0.43759630200308164,
S2_dense,smart-no_acquire,104,2.877711296081543,896,0.2109375,0.2249050873196659,35,29,0.725,4.725,11.165894697698805,15.52729619430303,0.9796710404731104,40,415,0.3301204819277108,0.6698795180722892,,7.933777046468707,0.018856249999999998,0.6622054617378783,3203,0.3178294573643411,0.08181818181818182,0.3,0.4,0.1,0.18659420289855072,
S2_dense,smart-no_lock_no_acquire,100,2.3159332275390625,932,0.13197424892703863,0.12196861626248216,35,32,0.8,3.075,8.604301376897919,11.073116560180445,0.9987437185929648,48,0,,,,,0.021337500000000002,0.8278262424482247,3503,0.1092436974789916,0.16964285714285715,0.26666666666666666,0.44680851063829785,0.5,0.09415584415584416,
S2_dense,smart-no_lock_no_acquire,101,2.603651523590088,862,0.12761020881670534,0.11047928513403736,35,33,0.825,2.75,8.522558368746905,10.265747133634257,0.9898063200815495,44,0,,,,,0.02144375,0.857698522696053,3503,0.15671641791044777,0.17886178861788618,0.3333333333333333,0.29508196721311475,0.1,0.07539682539682539,
S2_dense,smart-no_lock_no_acquire,102,2.6567485332489014,807,0.1288723667905824,0.1190893169877408,37,30,0.75,2.6,7.754278587559052,13.562656349787542,0.9982952608250938,39,0,,,,,0.02099375,0.817161534974866,3431,0.16666666666666666,0.13675213675213677,0.2727272727272727,0.42,0.09090909090909091,0.07939914163090128,
S2_dense,smart-no_lock_no_acquire,103,2.0463438034057617,996,0.13855421686746988,0.12534273403838622,36,32,0.8,3.45,10.510124629983347,13.545870339640224,0.9977171431677356,47,0,,,,,0.02101875,0.859930923089682,3449,0.14782608695652175,0.14166666666666666,0.5806451612903226,0.25,0.047619047619047616,0.10785824345146379,
S2_dense,smart-no_lock_no_acquire,104,1.850268840789795,896,0.11830357142857142,0.10797266514806378,35,30,0.75,2.65,11.46439985840014,15.246210811731348,0.990217998882057,43,0,,,,,0.0211375,0.8619571185942769,3468,0.11627906976744186,0.13636363636363635,0.36666666666666664,0.3076923076923077,0.1,0.07971014492753623,
S2_dense,smart-sweep_explore,100,7.733936309814453,932,0.5107296137339056,0.5410841654778887,35,28,0.7,11.9,6.997228145599285,12.952537833125588,0.9966278436357033,40,738,0.426829268292683,0.573170731707317,,7.83264466329479,0.01831875,0.31459422292110434,3283,0.44537815126050423,0.6964285714285714,0.36666666666666664,0.0,0.0,0.5422077922077922,
S2_dense,smart-sweep_explore,101,9.97678017616272,862,0.5127610208816705,0.4974817221770918,35,30,0.75,11.05,2.7046905000271786,7.604528295420813,0.9956914482676651,39,575,0.4434782608695652,0.5565217391304348,,6.70066007980499,0.021968750000000002,0.4236316579864114,3771,0.6865671641791045,0.7642276422764228,0.36666666666666664,0.18032786885245902,0.6,0.4523809523809524,
S2_dense,smart-sweep_explore,102,11.409051656723022,807,0.48203221809169766,0.41628721541155866,37,33,0.825,9.725,2.0902284902632684,5.950382839374247,0.9872633999646205,39,1041,0.2958693563880884,0.7041306436119116,,6.274891928053342,0.0219125,0.261786394366575,3812,0.7407407407407407,0.9316239316239316,0.7272727272727273,0.46,0.45454545454545453,0.296137339055794,
S2_dense,smart-sweep_explore,103,11.966962814331055,996,0.7118473895582329,0.7298602950776863,36,33,0.825,17.725,3.0346992914276307,5.99619771771046,0.9971581888613704,53,922,0.40889370932754876,0.5911062906724512,,5.439234998545488,0.01831875,0.2770311137143153,3278,0.6260869565217392,0.8833333333333333,0.6774193548387096,0.05,0.8571428571428571,0.7534668721109399,
S2_dense,smart-sweep_explore,104,9.978587627410889,896,0.48325892857142855,0.4618071374335611,35,32,0.8,10.825,5.947565730855423,8.736789483906529,0.9916895850771255,54,664,0.4126506024096386,0.5873493975903614,,6.522572099061437,0.026225,0.5016559266770647,4396,0.6201550387596899,0.8727272727272727,0.23333333333333334,0.35384615384615387,0.8,0.3967391304347826,
S2_dense,smart-random_explore,100,7.211785316467285,932,0.47317596566523606,0.4718972895863053,35,31,0.775,11.025,2.7575068337836597,6.873266422399438,0.9980758984074359,39,722,0.37811634349030476,0.6218836565096952,,7.332873391037955,0.016843749999999998,0.3358570929086972,3050,0.42016806722689076,0.8392857142857143,0.43333333333333335,0.3829787234042553,0.0,0.4318181818181818,
S2_dense,smart-random_explore,101,9.512392520904541,862,0.4872389791183295,0.45410235580828595,35,32,0.8,10.5,3.4633176277833235,6.1574147278488045,0.9967072470773042,46,711,0.3642756680731364,0.6357243319268636,,6.353327421631778,0.022425,0.45321330844183993,3850,0.6044776119402985,0.9024390243902439,0.3,0.36065573770491804,0.9,0.373015873015873,
S2_dense,smart-random_explore,102,10.591468811035156,807,0.49814126394052044,0.4644483362521891,37,35,0.875,10.05,3.061928667896218,4.934716602114564,0.9968803565306822,44,1031,0.31910766246362754,0.6808923375363725,,7.097449398934623,0.01968125,0.24609342624531086,3384,0.6296296296296297,0.7948717948717948,0.6666666666666666,0.32,0.6363636363636364,0.3905579399141631,
S2_dense,smart-random_explore,103,9.463355302810669,996,0.6255020080321285,0.626713670191931,36,35,0.875,15.575,4.05616179914404,5.0260638213208475,0.9983700215684015,53,878,0.4214123006833713,0.5785876993166287,,6.154858666350321,0.018775,0.2785039109276931,3348,0.7043478260869566,0.75,0.6451612903225806,0.3333333333333333,0.7619047619047619,0.6101694915254238,
S2_dense,smart-random_explore,104,9.946175813674927,896,0.4263392857142857,0.3735763097949886,35,31,0.775,9.55,1.7788712538930247,6.018690148137221,0.9936218109054528,43,803,0.33499377334993774,0.6650062266500623,,6.96221152185693,0.023481250000000002,0.37059580269191233,3981,0.6976744186046512,0.8363636363636363,0.7333333333333333,0.46153846153846156,0.8,0.2536231884057971,
S2_dense,smart-no_jitter,100,6.347582578659058,932,0.5042918454935622,0.5203994293865906,35,32,0.8,11.75,2.840220514143496,5.7705257639451615,0.992671079169389,41,789,0.43599493029150826,0.5640050697084917,,6.931589178198306,0.0158125,0.32282974534832903,2905,0.29411764705882354,0.7678571428571429,0.5666666666666667,0.3617021276595745,0.625,0.5032467532467533,
S2_dense,smart-no_jitter,101,8.97510027885437,862,0.4872389791183295,0.45329000812347686,35,29,0.725,10.5,2.5383421226894267,8.401637404068262,0.9985002549566574,46,565,0.4283185840707965,0.5716814159292035,,7.128154725929999,0.0241625,0.4742720996067184,4109,0.7014925373134329,0.8536585365853658,0.36666666666666664,0.3114754098360656,0.9,0.3611111111111111,
S2_dense,smart-no_jitter,102,10.59147024154663,807,0.4882280049566295,0.4497373029772329,37,32,0.8,9.85,2.2718979318856904,7.0815396789955205,0.9921012331748207,41,813,0.32472324723247237,0.6752767527675276,,5.3649764556173425,0.021562500000000002,0.3079910571702529,3684,0.6481481481481481,0.7777777777777778,0.7878787878787878,0.34,0.30303030303030304,0.38626609442060084,
S2_dense,smart-no_jitter,103,12.943791389465332,996,0.6265060240963856,0.6152239195717456,36,31,0.775,15.6,1.8746008469685485,6.923328663023829,0.997587271592232,46,857,0.3640606767794633,0.6359393232205367,,7.318954408887977,0.01765,0.24851122308750637,3180,0.7130434782608696,0.8916666666666667,0.7096774193548387,0.0,0.8571428571428571,0.6086286594761171,
S2_dense,smart-no_jitter,104,10.819377422332764,896,0.4296875,0.384206529992407,35,33,0.825,9.625,2.0190366645157583,4.17697874890713,0.9859261501210653,41,983,0.23906408952187186,0.7609359104781281,,5.70883238065052,0.0224125,0.36315163604277156,3889,0.7286821705426356,0.7636363636363637,0.7,0.4307692307692308,0.7,0.27355072463768115,
S3_mfr,smart,100,4.840282917022705,737,0.7177747625508819,0.744931636020745,10,10,0.25,13.225,4.552305691195725,4.552305691195725,0.9978948220719809,22,761,0.5361366622864652,0.46386333771353483,,4.369308621326901,0.01281875,0.4395152865798327,2498,,0.9642857142857143,0.9166666666666666,,,0.7044476327116213,
S3_mfr,smart,101,5.555762767791748,760,0.4710526315789474,0.48711803475134813,10,10,0.25,8.95,6.668256436618329,6.668256436618329,0.995789870554229,27,427,0.550351288056206,0.4496487119437939,,4.3696179017512815,0.02354375,0.6814757445609907,4017,,0.6875,0.6666666666666666,,,0.4639455782312925,
S3_mfr,smart,102,4.4466471672058105,602,0.5631229235880398,0.5831533477321814,10,10,0.25,8.475,3.9597023274043317,3.9597023274043317,0.8188540600874338,28,610,0.5016393442622951,0.49836065573770494,,5.508958344359637,0.019950000000000002,0.5959389827049404,3400,,0.8421052631578947,0.9090909090909091,,,0.5472027972027972,
S3_mfr,smart,103,5.007277250289917,760,0.7092105263157895,0.7310835351089588,10,10,0.25,13.475,2.3104911230884566,2.3104911230884566,0.9984268484530676,27,775,0.5419354838709678,0.45806451612903226,,4.696959597830656,0.01603125,0.48003938133195684,2921,,0.9090909090909091,0.7272727272727273,,,0.7028885832187071,
S3_mfr,smart,104,3.259392023086548,657,0.4672754946727549,0.4854757349104192,10,10,0.25,7.675,7.361382335493677,7.361382335493677,0.9816548463356974,25,619,0.5088852988691438,0.4911147011308562,,3.900081848148431,0.01865625,0.5972932522370764,3269,,0.47619047619047616,0.8,,,0.46166134185303515,
S3_mfr,smart-no_lock,100,4.371509552001953,737,0.3880597014925373,0.38252396668238253,10,10,0.25,7.15,4.851305796471188,4.851305796471188,0.998136315228967,23,0,,,,,0.0279125,0.8561086321961585,4537,,0.9285714285714286,0.6666666666666666,,,0.3615494978479197,
S3_mfr,smart-no_lock,101,3.9710981845855713,760,0.39473684210526316,0.39230077890952664,10,10,0.25,7.5,5.832736456718093,5.832736456718093,0.9983017635532332,24,0,,,,,0.03210625,0.903656780509212,5181,,0.875,0.6666666666666666,,,0.38095238095238093,
S3_mfr,smart-no_lock,102,6.167825222015381,602,0.45182724252491696,0.4470842332613391,10,10,0.25,6.8,3.893221406472198,3.893221406472198,0.9737815836769215,27,0,,,,,0.030575,0.8572607473502162,4953,,0.9473684210526315,0.5454545454545454,,,0.43356643356643354,
S3_mfr,smart-no_lock,103,4.390391826629639,760,0.3973684210526316,0.4034503631961259,10,10,0.25,7.55,2.311789265839052,2.311789265839052,0.9987075928917609,27,0,,,,,0.02861875,0.83103956350813,4635,,0.36363636363636365,1.0,,,0.3892709766162311,
S3_mfr,smart-no_lock,104,4.984354257583618,657,0.4094368340943683,0.4045921029744303,10,10,0.25,6.725,4.702393922114785,4.702393922114785,0.974420738701537,25,0,,,,,0.028937499999999998,0.8312415524232301,4691,,0.8095238095238095,1.0,,,0.3865814696485623,
S3_mfr,smart-no_acquire,100,2.690479040145874,737,0.37449118046132973,0.3941537010843942,10,9,0.225,6.9,8.696717807086587,11.508278203119426,0.9988190836088805,31,362,0.6022099447513812,0.39779005524861877,,4.289431100470531,0.017556250000000002,0.7650756086544311,3033,,0.5714285714285714,0.25,,,0.36872309899569583,
S3_mfr,smart-no_acquire,101,1.774714708328247,760,0.2513157894736842,0.2591372079089275,10,10,0.25,4.775,9.31965560162811,9.31965560162811,0.9910554561717353,25,336,0.5595238095238095,0.44047619047619047,,6.227937911640323,0.02059375,0.8229794837433305,3397,,0.25,0.4444444444444444,,,0.24897959183673468,
S3_mfr,smart-no_acquire,102,1.491743803024292,602,0.16943521594684385,0.1771058315334773,10,9,0.225,2.55,9.456225627579046,12.495001209168844,0.8878080415045395,25,161,0.40993788819875776,0.5900621118012422,,16.72674226478432,0.02003125,0.8647405848400693,3315,,0.21052631578947367,0.2727272727272727,,,0.1660839160839161,
S3_mfr,smart-no_acquire,103,1.9172108173370361,760,0.35526315789473684,0.387409200968523,10,10,0.25,6.75,12.06359046825771,12.06359046825771,0.9991693452273466,27,518,0.4285714285714286,0.5714285714285714,,12.734070677147848,0.016525,0.6404839980680642,2927,,0.18181818181818182,0.36363636363636365,,,0.3603851444291609,
S3_mfr,smart-no_acquire,104,2.3965351581573486,657,0.3683409436834094,0.3706731605496608,10,10,0.25,6.05,9.947249925907343,9.947249925907343,0.9124506637961967,20,562,0.3807829181494662,0.6192170818505338,,15.984024288139262,0.015431249999999999,0.5535164507303714,2634,,0.47619047619047616,0.9,,,0.3562300319488818,
S3_mfr,smart-no_lock_no_acquire,100,1.4383678436279297,737,0.10990502035278155,0.11818324689611819,10,9,0.225,2.025,10.73285499381266,13.437790153910408,0.9983989753442203,22,0,,,,,0.021556250000000002,0.9385503765545996,3503,,0.03571428571428571,0.25,,,0.11047345767575323,
S3_mfr,smart-no_lock_no_acquire,101,1.0270817279815674,760,0.0881578947368421,0.08642899940083883,10,9,0.225,1.675,10.900384315118123,13.49737809659697,0.995575221238938,16,0,,,,,0.02165,0.9543874891398748,3502,,0.0625,0.3333333333333333,,,0.08571428571428572,
S3_mfr,smart-no_lock_no_acquire,102,1.0700314044952393,602,0.0946843853820598,0.09365796190850187,10,9,0.225,1.425,9.207761404686769,12.023524058931528,0.8545692761218474,23,0,,,,,0.02110625,0.9471342012348081,3430,,0.21052631578947367,0.2727272727272727,,,0.08741258741258741,
S3_mfr,smart-no_lock_no_acquire,103,1.2129156589508057,760,0.09210526315789473,0.08550242130750606,10,10,0.25,1.75,7.751247583964971,7.751247583964971,0.9992951127819549,27,0,,,,,0.02119375,0.942148918644518,3449,,0.13636363636363635,0.45454545454545453,,,0.08528198074277854,
S3_mfr,smart-no_lock_no_acquire,104,1.6306095123291016,657,0.0958904109589041,0.0925378326665507,10,9,0.225,1.575,7.372735306385247,10.38196462383902,0.9978364344439636,18,0,,,,,0.0214125,0.9454571001571104,3467,,0.047619047619047616,0.7,,,0.0878594249201278,
S3_mfr,smart-sweep_explore,100,3.487253189086914,737,0.4694708276797829,0.49803551783749805,10,8,0.2,8.65,6.649127630386918,12.955240052157535,0.9984320845023932,27,548,0.666058394160584,0.33394160583941607,,4.235702689747741,0.018537500000000002,0.6350217150426365,3306,,0.0,0.6666666666666666,,,0.48493543758967,
S3_mfr,smart-sweep_explore,101,3.9487857818603516,760,0.5223684210526316,0.5381965248651888,10,10,0.25,9.925,7.646864655348814,7.646864655348814,0.9947110675808032,30,588,0.5357142857142857,0.4642857142857143,,4.971914057247981,0.020025,0.6302966912421069,3450,,0.875,0.5555555555555556,,,0.5142857142857142,
S3_mfr,smart-sweep_explore,102,5.245515823364258,602,0.5996677740863787,0.6133909287257019,10,10,0.25,9.025,3.113229743954125,3.113229743954125,0.8659925711927363,28,610,0.6229508196721312,0.3770491803278688,,6.311706235804713,0.020025,0.6170565575652246,3411,,0.6842105263157895,0.9090909090909091,,,0.5909090909090909,
S3_mfr,smart-sweep_explore,103,6.014855623245239,760,0.7144736842105263,0.7489406779661016,10,10,0.25,13.575,3.819673212885226,3.819673212885226,0.9966400075718139,31,708,0.5593220338983051,0.4406779661016949,,5.132699902873501,0.017375,0.49103167535934866,3129,,0.7727272727272727,0.5454545454545454,,,0.7152682255845942,
S3_mfr,smart-sweep_explore,104,4.08420991897583,657,0.710806697108067,0.7277787441294138,10,10,0.25,11.675,5.817201884862713,5.817201884862713,0.8625987708516243,20,625,0.5936,0.4064,,5.197884403104809,0.015762500000000002,0.5425519755140767,2913,,0.9047619047619048,0.8,,,0.7028753993610224,
S3_mfr,smart-random_explore,100,5.119793891906738,737,0.7150610583446404,0.7465032217507465,10,10,0.25,13.175,3.1893463362371564,3.1893463362371564,0.9983676544450025,30,782,0.5524296675191815,0.4475703324808184,,4.340856222293897,0.0140375,0.4597157599807171,2755,,0.8214285714285714,0.75,,,0.7101865136298422,
S3_mfr,smart-random_explore,101,3.294825553894043,760,0.49473684210526314,0.5080886758538047,10,10,0.25,9.4,6.290131611363945,6.290131611363945,0.9979800894531814,20,644,0.49689440993788825,0.5031055900621118,,6.471423321495663,0.02044375,0.6372336963803529,3555,,0.8125,0.6666666666666666,,,0.4857142857142857,
S3_mfr,smart-random_explore,102,5.374100685119629,602,0.5996677740863787,0.6214411937954054,10,10,0.25,9.025,3.9656624063015267,3.9656624063015267,0.8245903896461517,28,660,0.5803030303030303,0.4196969696969697,,5.386235381054558,0.0202625,0.5979024993939505,3513,,0.7894736842105263,0.6363636363636364,,,0.5926573426573427,
S3_mfr,smart-random_explore,103,4.968909978866577,760,0.6828947368421052,0.7064164648910412,10,10,0.25,12.975,2.6993885423768815,2.6993885423768815,0.9984889230375208,32,741,0.5263157894736843,0.47368421052631576,,4.839218898729758,0.017825,0.512841397917857,3153,,0.9090909090909091,0.7272727272727273,,,0.6753782668500687,
S3_mfr,smart-random_explore,104,4.375235557556152,657,0.665144596651446,0.6799443381457645,10,10,0.25,10.925,4.741133521941219,4.741133521941219,0.8665982304345701,21,706,0.4929178470254958,0.5070821529745042,,4.692461279452054,0.0158,0.5292115423694596,2906,,0.9047619047619048,0.9,,,0.6533546325878594,
S3_mfr,smart-no_jitter,100,3.7529451847076416,737,0.6784260515603799,0.7119283356907119,10,10,0.25,12.5,5.156606645129443,5.156606645129443,0.9986338214575418,24,769,0.5448634590377113,0.45513654096228867,,4.08142654026554,0.0147375,0.485695436495337,2856,,0.75,0.75,,,0.6743185078909613,
S3_mfr,smart-no_jitter,101,3.9468917846679688,760,0.4763157894736842,0.49251048532055125,10,10,0.25,9.05,11.512380547069522,11.512380547069522,0.9955015744489428,29,597,0.5443886097152428,0.4556113902847571,,4.892789113076707,0.01673125,0.6233227182293624,2972,,0.5,0.7777777777777778,,,0.47210884353741495,
S3_mfr,smart-no_jitter,102,4.73453688621521,602,0.5714285714285714,0.5825643039465933,10,10,0.25,8.6,4.081619762991269,4.081619762991269,0.8785778280756354,29,513,0.5614035087719298,0.43859649122807015,,5.417187944984528,0.021631249999999998,0.6198327573320792,3657,,0.8421052631578947,0.9090909090909091,,,0.5559440559440559,
S3_mfr,smart-no_jitter,103,4.362511396408081,760,0.6473684210526316,0.6584443099273608,10,10,0.25,12.3,3.961792551701479,3.961792551701479,0.9956631634960755,28,702,0.6609686609686609,0.33903133903133903,,5.008033919412881,0.015312500000000001,0.525991748651203,2948,,0.8181818181818182,0.8181818181818182,,,0.6396148555708391,
S3_mfr,smart-no_jitter,104,4.563903331756592,657,0.6118721461187214,0.6284571229779092,10,10,0.25,10.05,4.556658241724436,4.556658241724436,0.9165942658557776,28,642,0.6105919003115265,0.3894080996884735,,4.405438773200583,0.01745625,0.5565655473357092,3062,,0.6666666666666666,0.9,,,0.6054313099041534,
S4_agile_lpi,smart,100,3.624422311782837,107,0.822429906542056,0.8136363636363636,9,9,0.225,2.2,4.443946615110665,4.443946615110665,0.9994354269583627,11,81,0.19753086419753085,0.8024691358024691,,7.941543896899921,0.026868750000000004,0.9248559739500641,4368,,0.896551724137931,,0.7254901960784313,0.9259259259259259,,
S4_agile_lpi,smart,101,2.581174373626709,111,0.6216216216216216,0.5625,10,7,0.175,1.725,1.3871115965726342,12.379014328838341,0.9993116503183618,8,47,0.04255319148936165,0.9574468085106383,,9.718424082598235,0.0277125,0.9360785775812162,4492,,1.0,,0.6037735849056604,0.4,,
S4_agile_lpi,smart,102,2.481895685195923,76,0.8947368421052632,0.9113924050632911,8,8,0.2,1.7,4.549820834355687,4.549820834355687,0.9982381072237604,10,66,0.12121212121212122,0.8787878787878788,,5.909991262156132,0.02928125,0.9510156778160472,4772,,0.7647058823529411,,0.9591836734693877,0.8,,
S4_agile_lpi,smart,103,3.275664806365967,108,0.8981481481481481,0.8926080892608089,10,9,0.225,2.425,0.7953787247209151,4.543092826869849,0.9996186117467581,9,87,0.04597701149425293,0.9540229885057471,,8.337445315893104,0.02436875,0.9274059743371238,3958,,0.8823529411764706,,0.9838709677419355,0.7241379310344828,,
S4_agile_lpi,smart,104,2.6874561309814453,113,0.9469026548672567,0.9482758620689655,10,10,0.25,2.675,1.351253727112042,1.351253727112042,0.9991718426501035,10,96,0.02083333333333337,0.9791666666666666,,7.019287253627339,0.024125,0.9192775714102672,3922,,0.95,,0.92,0.9767441860465116,,
S4_agile_lpi,smart-no_lock,100,1.9409048557281494,107,0.719626168224299,0.7136363636363636,9,9,0.225,1.925,4.840475594518082,4.840475594518082,0.9995529727313366,11,0,,,,,0.028187499999999997,0.9719596115505797,4561,,0.7931034482758621,,0.5882352941176471,0.8888888888888888,,
S4_agile_lpi,smart-no_lock,101,2.016319513320923,111,0.45045045045045046,0.42916666666666664,10,7,0.175,1.25,1.3801537699232502,12.374143850183774,0.9947414548641542,9,0,,,,,0.0281625,0.9747900240523718,4553,,0.5217391304347826,,0.5849056603773585,0.2,,
S4_agile_lpi,smart-no_lock,102,1.883878469467163,76,0.7368421052631579,0.7341772151898734,8,8,0.2,1.4,4.552263166497671,4.552263166497671,0.997545008183306,9,0,,,,,0.02613125,0.9765112085175726,4227,,0.7647058823529411,,0.7142857142857143,0.8,,
S4_agile_lpi,smart-no_lock,103,2.528010606765747,108,0.7870370370370371,0.7698744769874477,10,10,0.25,2.125,4.091077868018045,4.091077868018045,0.9983032873806998,10,0,,,,,0.02759375,0.9721052800719847,4469,,0.9411764705882353,,0.7741935483870968,0.7241379310344828,,
S4_agile_lpi,smart-no_lock,104,3.3207123279571533,113,0.7876106194690266,0.8023872679045093,10,10,0.25,2.225,1.351253727112042,1.351253727112042,0.9984189723320158,10,0,,,,,0.027275,0.9642756174663928,4399,,0.65,,0.84,0.7906976744186046,,
S4_agile_lpi,smart-no_acquire,100,0.8139204978942871,107,0.2803738317757009,0.31212121212121213,9,7,0.175,0.75,4.855741798806662,12.46445026608382,0.9992295839753467,8,26,0.6153846153846154,0.38461538461538464,,6.670913706642523,0.021562500000000002,0.9778984350047897,3475,,0.06896551724137931,,0.47058823529411764,0.14814814814814814,,
S4_agile_lpi,smart-no_acquire,101,0.6878726482391357,111,0.3063063063063063,0.30416666666666664,10,10,0.25,0.85,7.7654827666676,7.7654827666676,0.99907019990702,13,25,0.64,0.36,,5.0758579687596574,0.021675,0.9740117036772019,3503,,0.2608695652173913,,0.4339622641509434,0.14285714285714285,,
S4_agile_lpi,smart-no_acquire,102,0.6844749450683594,76,0.3026315789473684,0.32489451476793246,8,8,0.2,0.575,5.3462271074210745,5.3462271074210745,0.9990982867448152,11,16,0.625,0.375,,17.090861395194185,0.0211875,0.9813549581763608,3417,,0.11764705882352941,,0.40816326530612246,0.1,,
S4_agile_lpi,smart-no_acquire,103,0.8984642028808594,108,0.3148148148148148,0.31520223152022314,10,8,0.2,0.85,10.755381627238918,16.265604038878756,0.9962709757613425,8,24,0.25,0.75,,8.493176963724991,0.021306250000000002,0.9721823093281207,3436,,0.23529411764705882,,0.41935483870967744,0.13793103448275862,,
S4_agile_lpi,smart-no_acquire,104,1.3190488815307617,113,0.415929203539823,0.40848806366047746,10,9,0.225,1.175,6.408328183125607,9.466779861181632,0.9991906110886281,10,43,0.41860465116279066,0.5813953488372093,,10.023180589432314,0.02116875,0.9610760281713497,3417,,0.5,,0.36,0.4418604651162791,,
S4_agile_lpi,smart-no_lock_no_acquire,100,0.7381556034088135,107,0.17757009345794392,0.2015151515151515,9,7,0.175,0.475,4.855741798806662,12.46445026608382,1.0,8,0,,,,,0.021775,0.9876051010759272,3502,,0.034482758620689655,,0.27450980392156865,0.14814814814814814,,
S4_agile_lpi,smart-no_lock_no_acquire,101,0.7341086864471436,111,0.26126126126126126,0.26666666666666666,10,10,0.25,0.725,7.871131727143741,7.871131727143741,0.9977186311787072,11,0,,,,,0.021725,0.9824946972988154,3502,,0.17391304347826086,,0.37735849056603776,0.14285714285714285,,
S4_agile_lpi,smart-no_lock_no_acquire,102,0.9828934669494629,76,0.3026315789473684,0.310126582278481,8,8,0.2,0.575,5.3462271074210745,5.3462271074210745,0.9980171844018506,12,0,,,,,0.0212625,0.9867175826000326,3429,,0.23529411764705882,,0.3469387755102041,0.2,,
S4_agile_lpi,smart-no_lock_no_acquire,103,0.6924991607666016,108,0.23148148148148148,0.2301255230125523,10,8,0.2,0.625,12.423297656253045,17.599936862090054,0.9988901220865705,8,0,,,,,0.021425,0.9870985872314325,3447,,0.17647058823529413,,0.3225806451612903,0.06896551724137931,,
S4_agile_lpi,smart-no_lock_no_acquire,104,0.6440587043762207,113,0.24778761061946902,0.2480106100795756,10,10,0.25,0.7,8.311095385780828,8.311095385780828,0.997072599531616,12,0,,,,,0.0214875,0.981476986752851,3467,,0.2,,0.34,0.16279069767441862,,
S4_agile_lpi,smart-sweep_explore,100,2.7682201862335205,107,0.7476635514018691,0.7212121212121212,9,9,0.225,2.0,8.004301381662914,8.004301381662914,0.9990461915792342,11,84,0.1071428571428571,0.8928571428571429,,7.749635345200498,0.0275375,0.9161664331529435,4477,,0.9310344827586207,,0.5686274509803921,0.8888888888888888,,
S4_agile_lpi,smart-sweep_explore,101,2.12479829788208,111,0.7747747747747747,0.7597222222222222,10,10,0.25,2.15,8.029409943093475,8.029409943093475,0.9995641277105808,10,69,0.0,1.0,,9.677757987818328,0.02691875,0.9252117950068349,4355,,0.8695652173913043,,0.7735849056603774,0.7142857142857143,,
S4_agile_lpi,smart-sweep_explore,102,2.460061550140381,76,0.868421052631579,0.8755274261603375,8,8,0.2,1.65,4.683221764819729,4.683221764819729,0.9987462387161484,9,58,0.06896551724137934,0.9310344827586207,,6.691437670267372,0.02719375,0.9470603730187763,4419,,0.8235294117647058,,0.8775510204081632,0.9,,
S4_agile_lpi,smart-sweep_explore,103,2.4017155170440674,108,0.5648148148148148,0.5383542538354253,10,9,0.225,1.525,12.400573885153385,14.987768471259074,0.9996796925048046,9,50,0.07999999999999996,0.92,,6.822458558521792,0.028250000000000004,0.9552354000514508,4555,,0.8823529411764706,,0.43548387096774194,0.6551724137931034,,
S4_agile_lpi,smart-sweep_explore,104,2.4502270221710205,113,0.8672566371681416,0.863395225464191,10,10,0.25,2.45,6.009061574329513,6.009061574329513,0.9994675186368477,10,83,0.0,1.0,,6.962574640892087,0.02734375,0.9281863453815211,4453,,0.95,,0.76,0.9534883720930233,,
S4_agile_lpi,smart-random_explore,100,3.3739540576934814,107,0.8691588785046729,0.8606060606060606,9,9,0.225,2.325,5.1351463704912526,5.1351463704912526,0.999702646446625,10,81,0.09876543209876543,0.9012345679012346,,8.535889780258277,0.02669375,0.9283884183421157,4376,,0.9310344827586207,,0.803921568627451,0.9259259259259259,,
S4_agile_lpi,smart-random_explore,101,2.641549825668335,111,0.7657657657657657,0.7763888888888889,10,10,0.25,2.125,6.3882244975481735,6.3882244975481735,0.9994633753689295,11,66,0.06060606060606055,0.9393939393939394,,7.502793068545822,0.0312375,0.9406459271493207,5081,,0.6956521739130435,,0.7735849056603774,0.8,,
S4_agile_lpi,smart-random_explore,102,2.131075859069824,76,0.868421052631579,0.8607594936708861,8,8,0.2,1.65,3.0472647888932904,3.0472647888932904,0.9989952273298166,8,61,0.06557377049180324,0.9344262295081968,,5.906837585662665,0.02419375,0.9547809823927627,3965,,0.9411764705882353,,0.8163265306122449,1.0,,
S4_agile_lpi,smart-random_explore,103,2.8559420108795166,108,0.7407407407407407,0.7308228730822873,10,8,0.2,2.0,5.319109794827197,11.741869192457802,0.9986842105263158,8,70,0.22857142857142854,0.7714285714285715,,8.77290731671794,0.02533125,0.9411851462355756,4147,,0.8235294117647058,,0.7419354838709677,0.6896551724137931,,
S4_agile_lpi,smart-random_explore,104,4.0319130420684814,113,0.9292035398230089,0.9283819628647215,10,10,0.25,2.625,2.6747578490582975,2.6747578490582975,0.9993474288697468,10,79,0.012658227848101222,0.9873417721518988,,7.944309605942982,0.02640625,0.9274081206868837,4318,,0.95,,0.9,0.9534883720930233,,
S4_agile_lpi,smart-no_jitter,100,3.5071821212768555,107,0.8411214953271028,0.8303030303030303,9,9,0.225,2.25,1.6829786622030554,1.6829786622030554,0.9995890410958904,10,72,0.08333333333333337,0.9166666666666666,,8.053990411700088,0.032225,0.9315181731290779,5234,,0.9310344827586207,,0.7254901960784313,0.9629629629629629,,
S4_agile_lpi,smart-no_jitter,101,3.307645559310913,111,0.9009009009009009,0.8902777777777777,10,10,0.25,2.5,2.2348651425756434,2.2348651425756434,0.9992588932806324,13,86,0.046511627906976716,0.9534883720930233,,9.699421050403725,0.03218125,0.9050700350659594,5218,,1.0,,0.8301886792452831,0.9428571428571428,,
S4_agile_lpi,smart-no_jitter,102,2.1302857398986816,76,0.7894736842105263,0.7721518987341772,8,8,0.2,1.5,3.8296108938249662,3.8296108938249662,0.9989023051591658,10,52,0.17307692307692313,0.8269230769230769,,6.771877505340442,0.029343750000000002,0.9467370657737942,4745,,0.9411764705882353,,0.6938775510204082,1.0,,
S4_agile_lpi,smart-no_jitter,103,1.9928052425384521,108,0.5277777777777778,0.5467224546722455,10,9,0.225,1.425,13.731226756370573,16.29270408876709,0.9984025559105432,9,44,0.18181818181818177,0.8181818181818182,,6.591457994480478,0.02650625,0.959475856932822,4308,,0.29411764705882354,,0.6290322580645161,0.4482758620689655,,
S4_agile_lpi,smart-no_jitter,104,3.5288939476013184,113,0.9380530973451328,0.9429708222811671,10,10,0.25,2.65,1.4101391430132582,1.4101391430132582,0.9990801308258381,10,69,0.1594202898550725,0.8405797101449275,,8.746662585755608,0.026574999999999998,0.9215912884916595,4328,,0.9,,0.94,0.9534883720930233,,
S5_popup,smart,100,4.4239068031311035,402,0.6268656716417911,0.6284040995607614,13,12,0.3,6.3,5.380891194412967,5.890174241002753,0.9993534018248438,12,367,0.40326975476839233,0.5967302452316077,,4.30846066836958,0.022850000000000002,0.6409456071227352,3783,0.7567567567567568,0.7222222222222222,0.6666666666666666,,,0.14666666666666667,0.7405857740585774
S5_popup,smart,101,2.7807235717773438,497,0.6197183098591549,0.6367640241075568,13,12,0.3,7.7,4.409978816331983,6.773988983240726,0.9999328859060402,15,453,0.45916114790286977,0.5408388520971302,,4.6538509029054085,0.01928125,0.7026415575311371,3249,0.7586206896551724,0.5,0.6,,,0.3918918918918919,0.6746268656716418
S5_popup,smart,102,3.0046443939208984,556,0.44964028776978415,0.43386568386568386,13,12,0.3,6.25,3.276148391733224,4.106945332610281,0.9997975503593481,19,495,0.3353535353535354,0.6646464646464646,,5.082288384330141,0.0212375,0.5526621626799404,3499,0.59375,0.7096774193548387,0.7647058823529411,,,0.4077669902912621,0.4128686327077748
S5_popup,smart,103,3.997527599334717,516,0.5096899224806202,0.4988779174147217,13,13,0.325,6.575,3.4875140770774973,3.4875140770774973,0.9995812235885332,21,409,0.39853300733496333,0.6014669926650367,,6.925125417218507,0.022887499999999998,0.5944300170144587,3776,0.6153846153846154,0.7647058823529411,0.6666666666666666,,,0.16260162601626016,0.5993377483443708
S5_popup,smart,104,5.209608316421509,617,0.5526742301458671,0.5531188207801546,13,13,0.325,8.525,5.458526639926172,5.458526639926172,0.9976535318391455,18,720,0.34305555555555556,0.6569444444444444,,6.783342397463812,0.01955625,0.4727642457815337,3289,0.75,0.4444444444444444,0.8333333333333334,,,0.2119205298013245,0.6641221374045801
S5_popup,smart-no_lock,100,2.3890082836151123,402,0.19651741293532338,0.16808199121522693,13,13,0.325,1.975,4.990796269265254,4.990796269265254,0.9990591187078564,15,0,,,,,0.026156250000000002,0.8247922215447633,4235,0.2972972972972973,0.3888888888888889,0.6,,,0.12,0.1506276150627615
S5_popup,smart-no_lock,101,1.8970537185668945,497,0.19517102615694165,0.1430227167362077,13,12,0.3,2.425,5.225486873097526,6.0955474116534605,0.9993863148204971,15,0,,,,,0.026456249999999997,0.9536487189199192,4285,0.4482758620689655,0.7045454545454546,0.6666666666666666,,,0.17567567567567569,0.08955223880597014
S5_popup,smart-no_lock,102,2.8621699810028076,556,0.17985611510791366,0.14926289926289926,13,13,0.325,2.5,4.41974079585357,4.41974079585357,0.9997485541865728,19,0,,,,,0.026674999999999997,0.7473865358436096,4330,0.5,0.3870967741935484,0.6470588235294118,,,0.24271844660194175,0.09651474530831099
S5_popup,smart-no_lock,103,3.7469732761383057,516,0.22093023255813954,0.19030520646319568,13,13,0.325,2.85,3.277767166403574,3.277767166403574,0.9985189573459715,18,0,,,,,0.027837499999999998,0.8004448844714512,4511,0.5128205128205128,0.3235294117647059,0.6111111111111112,,,0.3821138211382114,0.08278145695364239
S5_popup,smart-no_lock,104,2.4755711555480957,617,0.18638573743922204,0.14740248067589432,13,13,0.325,2.875,3.304037862678533,3.304037862678533,0.9976947902259106,20,0,,,,,0.025956250000000004,0.8561409587608225,4196,0.2857142857142857,0.6666666666666666,0.6666666666666666,,,0.31125827814569534,0.07633587786259542
S5_popup,smart-no_acquire,100,2.0157294273376465,402,0.3582089552238806,0.40175695461200583,13,11,0.275,3.6,5.3517926994670715,9.96430726742713,0.9998818944136058,12,167,0.38323353293413176,0.6167664670658682,,3.496199357859836,0.02003125,0.8148410344717558,3276,0.02702702702702703,0.1388888888888889,0.2,,,0.02666666666666667,0.5564853556485355
S5_popup,smart-no_acquire,101,1.741520881652832,497,0.4507042253521127,0.4904960593416783,13,12,0.3,5.6,6.938565766229787,9.183347238613534,0.9999148017721231,14,315,0.4222222222222223,0.5777777777777777,,3.7039017193226482,0.02,0.8164540816327023,3297,0.13793103448275862,0.20454545454545456,0.3333333333333333,,,0.05405405405405406,0.6029850746268657
S5_popup,smart-no_acquire,102,2.0053908824920654,556,0.329136690647482,0.3331285831285831,13,12,0.3,4.575,5.42681145453897,8.08628749649751,0.9997784768065217,16,334,0.37125748502994016,0.6287425149700598,,8.229148534365939,0.01985,0.7589399581696552,3279,0.59375,0.25806451612903225,0.47058823529411764,,,0.038834951456310676,0.38605898123324395
S5_popup,smart-no_acquire,103,2.0165958404541016,516,0.28294573643410853,0.30498204667863554,13,13,0.325,3.65,5.910939653950067,5.910939653950067,0.9998241449045986,17,317,0.5078864353312302,0.4921135646687697,,6.979941548255897,0.0205875,0.823925057113311,3388,0.15384615384615385,0.11764705882352941,0.16666666666666666,,,0.2926829268292683,0.3211920529801324
S5_popup,smart-no_acquire,104,1.7910354137420654,617,0.34683954619124796,0.36275390976092037,13,12,0.3,5.35,11.931169000365601,13.930890336900653,0.9997647058823529,15,397,0.18891687657430734,0.8110831234256927,,7.5010663332245935,0.0180125,0.6378518056492453,2965,0.03571428571428571,0.1111111111111111,0.6111111111111112,,,0.052980132450331126,0.4860050890585242
S5_popup,smart-no_lock_no_acquire,100,1.1199491024017334,402,0.10945273631840796,0.09751098096632503,13,12,0.3,1.1,7.21788128374254,9.178789883240936,0.9992207792207792,17,0,,,,,0.021675,0.9178442746530993,3502,0.16216216216216217,0.16666666666666666,0.26666666666666666,,,0.08,0.09205020920502092
S5_popup,smart-no_lock_no_acquire,101,0.996528148651123,497,0.09054325955734406,0.08159480760315253,13,12,0.3,1.125,7.3872185382689795,9.597488258957405,0.9992854590925331,15,0,,,,,0.02166875,0.9685689279576807,3502,0.20689655172413793,0.06818181818181818,0.4,,,0.05405405405405406,0.07761194029850746
S5_popup,smart-no_lock_no_acquire,102,1.0762836933135986,556,0.10431654676258993,0.09357084357084357,13,11,0.275,1.45,7.363397379715536,12.070592865581963,0.9997609942638623,17,0,,,,,0.02119375,0.8961745493553926,3429,0.25,0.16129032258064516,0.23529411764705882,,,0.11650485436893204,0.0777479892761394
S5_popup,smart-no_lock_no_acquire,103,0.9003303050994873,516,0.08527131782945736,0.07091561938958707,13,12,0.3,1.1,7.863327634172941,8.258946188419788,0.9996906897618311,17,0,,,,,0.021325,0.9090607198508108,3448,0.15384615384615385,0.23529411764705882,0.2222222222222222,,,0.08130081300813008,0.052980132450331126
S5_popup,smart-no_lock_no_acquire,104,1.3826818466186523,617,0.08265802269043761,0.07819521840733418,13,11,0.275,1.275,10.290962940988203,14.22299803606755,0.9942947702060222,15,0,,,,,0.02144375,0.920801691267103,3467,0.10714285714285714,0.14814814814814814,0.16666666666666666,,,0.059602649006622516,0.08142493638676845
S5_popup,smart-sweep_explore,100,4.302101373672485,402,0.6069651741293532,0.6043923865300146,13,12,0.3,6.1,4.178250390261868,5.0298981571587635,0.9998339491054008,14,464,0.25,0.75,,5.007188703599075,0.02225,0.601789823574587,3746,0.7567567567567568,0.6666666666666666,0.8,,,0.02666666666666667,0.7447698744769874
S5_popup,smart-sweep_explore,101,4.031619310379028,497,0.6378269617706237,0.6420955030134446,13,12,0.3,7.925,4.171892944417787,5.12299916979524,0.9998465904732684,12,451,0.37915742793791574,0.6208425720620843,,4.080734850582379,0.02371875,0.754777375884305,3895,0.7241379310344828,0.6363636363636364,1.0,,,0.10810810810810811,0.7313432835820896
S5_popup,smart-sweep_explore,102,4.663285255432129,556,0.4658273381294964,0.45188370188370186,13,13,0.325,6.475,6.497987375009112,6.497987375009112,0.9997394363138924,18,466,0.3326180257510729,0.6673819742489271,,4.298988013368091,0.02575625,0.6123916627640251,4215,0.8125,0.45161290322580644,1.0,,,0.4563106796116505,0.4155495978552279
S5_popup,smart-sweep_explore,103,3.1106128692626953,516,0.374031007751938,0.36916517055655296,13,8,0.2,4.825,3.2532596224256163,13.587833973472737,0.9991326973113617,10,316,0.42721518987341767,0.5727848101265823,,4.526467552944027,0.02753125,0.6803239178636539,4510,0.7948717948717948,0.0,0.9444444444444444,,,0.3333333333333333,0.3443708609271523
S5_popup,smart-sweep_explore,104,4.6273581981658936,617,0.5299837925445705,0.5072802444724069,13,13,0.325,8.175,3.0737864370013552,3.0737864370013552,0.9954342481561387,19,539,0.36734693877551017,0.6326530612244898,,3.7572572966823508,0.024112500000000002,0.6355625008005321,4010,0.75,0.8148148148148148,0.8888888888888888,,,0.4370860927152318,0.5139949109414759
S5_popup,smart-random_explore,100,3.3447105884552,402,0.6890547263681592,0.7054172767203514,13,13,0.325,6.925,5.849443534292986,5.849443534292986,0.9997647427854455,16,444,0.28828828828828834,0.7117117117117117,,4.618543321712759,0.021756249999999998,0.6029427737207974,3620,0.5675675675675675,0.6944444444444444,0.8,,,0.17333333333333334,0.8619246861924686
S5_popup,smart-random_explore,101,3.024157762527466,497,0.6217303822937625,0.6351414000927214,13,12,0.3,7.725,4.684826655562225,5.596476441620874,0.9997391417764445,12,421,0.4228028503562945,0.5771971496437055,,3.768125963318756,0.0225,0.7227365728900145,3740,0.6206896551724138,0.5909090909090909,0.8,,,0.06756756756756757,0.7402985074626866
S5_popup,smart-random_explore,102,4.902019262313843,556,0.4748201438848921,0.4696969696969697,13,12,0.3,6.6,6.727929762440411,8.249278190136398,0.999641032721248,19,520,0.3653846153846154,0.6346153846153846,,10.421021530005586,0.0208625,0.43904712055248024,3505,0.875,0.2903225806451613,0.8235294117647058,,,0.5048543689320388,0.4316353887399464
S5_popup,smart-random_explore,103,4.179898262023926,516,0.5,0.49663375224416517,13,13,0.325,6.45,8.288668789019905,8.288668789019905,0.9997984175779872,20,624,0.4439102564102564,0.5560897435897436,,5.584733283944432,0.02413125,0.5874253069380982,3974,0.7435897435897436,0.4117647058823529,0.7222222222222222,,,0.34146341463414637,0.5298013245033113
S5_popup,smart-random_explore,104,3.7780375480651855,617,0.42625607779578606,0.404098507999281,13,11,0.275,6.575,6.391940735608544,8.621915945100513,0.9965094917330067,18,433,0.36720554272517325,0.6327944572748267,,7.14176414402725,0.0222625,0.6683925900356469,3693,0.8214285714285714,0.48148148148148145,0.9444444444444444,,,0.5827814569536424,0.3104325699745547
S5_popup,smart-no_jitter,100,3.7213213443756104,402,0.572139303482587,0.615519765739385,13,11,0.275,5.75,8.692415087554789,12.778327753858397,0.9998725898241739,13,443,0.2934537246049661,0.7065462753950339,,4.887284211637513,0.0229375,0.6124096462610915,3796,0.6486486486486487,0.05555555555555555,0.6666666666666666,,,0.17333333333333334,0.7573221757322176
S5_popup,smart-no_jitter,101,2.615976095199585,497,0.6780684104627767,0.696105702364395,13,12,0.3,8.425,3.8047559970244667,6.215321765418404,0.999778891509434,14,452,0.418141592920354,0.581858407079646,,3.84349060335231,0.020962500000000002,0.7071741378650401,3513,0.6206896551724138,0.5454545454545454,0.6666666666666666,,,0.3918918918918919,0.764179104477612
S5_popup,smart-no_jitter,102,3.321411609649658,556,0.3381294964028777,0.29934479934479935,13,13,0.325,4.7,4.139342468610639,4.139342468610639,0.999413661682791,17,384,0.30208333333333337,0.6979166666666666,,4.904819127764349,0.02616875,0.6445226008099114,4296,0.875,0.7419354838709677,0.8235294117647058,,,0.39805825242718446,0.21983914209115282
S5_popup,smart-no_jitter,103,3.6925771236419678,516,0.37790697674418605,0.3328096947935368,13,12,0.3,4.875,4.260673767301473,4.933419542076895,0.9996700395952486,18,626,0.13258785942492013,0.8674121405750799,,6.153316996252119,0.025625,0.513354714560577,4210,0.5384615384615384,0.9705882352941176,0.8888888888888888,,,0.2032520325203252,0.33112582781456956
S5_popup,smart-no_jitter,104,4.301512718200684,617,0.5218800648298217,0.5243573611360777,13,13,0.325,8.05,8.067781488876834,8.067781488876834,0.9978936064761276,14,489,0.40899795501022496,0.591002044989775,,3.7538083564750617,0.022337500000000003,0.5561607405418255,3673,0.8214285714285714,0.3333333333333333,0.8888888888888888,,,0.19205298013245034,0.6234096692111959
S6_lockin,smart,100,2.623303174972534,79,0.9620253164556962,0.9622641509433962,6,6,0.15,1.9,0.5086063934210641,0.5086063934210641,1.0,6,66,0.015151515151515138,0.9848484848484849,,10.537705770070948,0.02276875,0.9261945419776502,3670,0.9629629629629629,0.9615384615384616,,,,,
S6_lockin,smart,101,4.1578452587127686,80,0.9375,0.956140350877193,6,6,0.15,1.875,2.3151084985660653,2.3151084985660653,0.9996862252902416,6,68,0.07352941176470584,0.9264705882352942,,10.03910111438433,0.02550625,0.7863826730546647,4133,1.0,0.8913043478260869,,,,,
S6_lockin,smart,102,2.247574806213379,91,0.8241758241758241,0.873015873015873,6,6,0.15,1.875,7.116825834437975,7.116825834437975,0.9986460871919849,6,67,0.02985074626865669,0.9701492537313433,,9.748451591245773,0.02273125,0.8907158343086228,3684,1.0,0.7142857142857143,,,,,
S6_lockin,smart,103,2.0092711448669434,89,0.8539325842696629,0.8442622950819673,6,6,0.15,1.9,4.823900432648095,4.823900432648095,1.0,6,66,0.0,1.0,,11.397934300321616,0.02228125,0.9217822098635178,3592,0.8181818181818182,0.875,,,,,
S6_lockin,smart,104,1.7257683277130127,87,0.8275862068965517,0.7543859649122807,6,6,0.15,1.8,7.233136862760264,7.233136862760264,0.9988797610156833,6,65,0.07692307692307687,0.9230769230769231,,9.995022121243718,0.0222625,0.9253889719888996,3602,0.5185185185185185,0.9666666666666667,,,,,
S6_lockin,smart-no_lock,100,0.9754388332366943,79,0.34177215189873417,0.33962264150943394,6,6,0.15,0.675,0.5086063934210641,0.5086063934210641,0.9970414201183432,6,0,,,,,0.02358125,0.9923188693375661,3786,0.3333333333333333,0.34615384615384615,,,,,
S6_lockin,smart-no_lock,101,1.7798011302947998,80,0.45,0.39473684210526316,6,6,0.15,0.9,2.3083753138943273,2.3083753138943273,0.999748743718593,6,0,,,,,0.0247875,0.9356550495404828,3996,0.2647058823529412,0.5869565217391305,,,,,
S6_lockin,smart-no_lock,102,1.1168720722198486,91,0.31868131868131866,0.3412698412698413,6,6,0.15,0.725,9.469412573203538,9.469412573203538,0.9989949748743718,6,0,,,,,0.023,0.9469037871033752,3701,0.4,0.26785714285714285,,,,,
S6_lockin,smart-no_lock,103,1.71455717086792,89,0.5168539325842697,0.4426229508196721,6,6,0.15,1.15,4.823900432648095,4.823900432648095,1.0,6,0,,,,,0.025075000000000004,0.9898710157191577,4046,0.24242424242424243,0.6785714285714286,,,,,
S6_lockin,smart-no_lock,104,0.8597409725189209,87,0.27586206896551724,0.2894736842105263,6,6,0.15,0.6,3.298108465761482,3.298108465761482,1.0,6,0,,,,,0.023093750000000003,0.9884840536131267,3710,0.3333333333333333,0.25,,,,,
S6_lockin,smart-no_acquire,100,0.6057090759277344,79,0.11392405063291139,0.10377358490566038,6,6,0.15,0.225,3.130875469544707,3.130875469544707,1.0,6,0,,,,,0.021837500000000003,0.9961662811649392,3502,0.07407407407407407,0.1346153846153846,,,,,
S6_lockin,smart-no_acquire,101,1.5385875701904297,80,0.2375,0.2543859649122807,6,4,0.1,0.475,13.300906661672212,21.39561773416347,0.9996904982977406,4,29,0.10344827586206895,0.896551724137931,,8.0907218682055,0.0216125,0.9458164582029819,3471,0.29411764705882354,0.1956521739130435,,,,,
S6_lockin,smart-no_acquire,102,0.6843798160552979,91,0.14285714285714285,0.1746031746031746,6,4,0.1,0.325,17.564035061530607,24.659581461300405,1.0,5,7,0.0,1.0,,11.936332266277105,0.0212875,0.960662605208371,3417,0.2571428571428571,0.07142857142857142,,,,,
S6_lockin,smart-no_acquire,103,0.8344404697418213,89,0.1797752808988764,0.1557377049180328,6,6,0.15,0.4,18.928501283500978,18.928501283500978,1.0,6,7,0.0,1.0,,10.342655573736133,0.02138125,0.9879932813467955,3438,0.09090909090909091,0.23214285714285715,,,,,
S6_lockin,smart-no_acquire,104,0.7366108894348145,87,0.16091954022988506,0.19298245614035087,6,5,0.125,0.35,3.965328938275887,9.443691664411086,1.0,5,19,0.368421052631579,0.631578947368421,,8.619228796955388,0.02136875,0.9809683167178638,3436,0.2962962962962963,0.1,,,,,
S6_lockin,smart-no_lock_no_acquire,100,0.5724809169769287,79,0.11392405063291139,0.10377358490566038,6,6,0.15,0.225,3.130875469544707,3.130875469544707,1.0,6,0,,,,,0.021837500000000003,0.9961662811649392,3502,0.07407407407407407,0.1346153846153846,,,,,
S6_lockin,smart-no_lock_no_acquire,101,0.871269702911377,80,0.15,0.13157894736842105,6,4,0.1,0.3,13.377434474420076,21.710582953925336,0.9995456610631531,5,0,,,,,0.021825,0.9637079254734553,3501,0.08823529411764706,0.1956521739130435,,,,,
S6_lockin,smart-no_lock_no_acquire,102,0.6860268115997314,91,0.06593406593406594,0.07142857142857142,6,3,0.075,0.15,11.17206301774317,24.969263425908064,1.0,4,0,,,,,0.02138125,0.9688336239214688,3428,0.08571428571428572,0.05357142857142857,,,,,
S6_lockin,smart-no_lock_no_acquire,103,0.6437175273895264,89,0.11235955056179775,0.09836065573770492,6,4,0.1,0.25,11.087945720070314,20.305146909191084,1.0,4,0,,,,,0.0214875,0.9965508871884621,3447,0.06060606060606061,0.14285714285714285,,,,,
S6_lockin,smart-no_lock_no_acquire,104,0.5483577251434326,87,0.19540229885057472,0.21052631578947367,6,6,0.15,0.425,8.772115968670866,8.772115968670866,1.0,6,0,,,,,0.021587500000000003,0.9883740242484628,3466,0.25925925925925924,0.16666666666666666,,,,,
S6_lockin,smart-sweep_explore,100,0.42624402046203613,79,0.0,0.0,6,0,0.0,0.0,,38.59252298595708,,0,0,,,,,0.02439375,1.0,3903,0.0,0.0,,,,,
S6_lockin,smart-sweep_explore,101,2.569603204727173,80,0.825,0.8245614035087719,6,6,0.15,1.65,4.933509342978889,4.933509342978889,0.9998436400594167,6,244,0.22540983606557374,0.7745901639344263,,6.068508777361045,0.02565,0.7884487093959974,4179,0.8235294117647058,0.8260869565217391,,,,,
S6_lockin,smart-sweep_explore,102,1.877708911895752,91,0.8131868131868132,0.8492063492063492,6,6,0.15,1.85,7.942631447706209,7.942631447706209,0.9997142040583024,6,67,0.0,1.0,,11.236253923768215,0.02515,0.8869313227675982,4042,0.9428571428571428,0.7321428571428571,,,,,
S6_lockin,smart-sweep_explore,103,0.5690040588378906,89,0.0,0.0,6,0,0.0,0.0,,38.31718432774773,,0,0,,,,,0.02439375,1.0,3903,0.0,0.0,,,,,
S6_lockin,smart-sweep_explore,104,0.3225414752960205,87,0.011494252873563218,0.017543859649122806,6,1,0.025,0.025,38.39887243800766,38.022441307048574,1.0,1,0,,,,,0.024399999999999998,0.9938499384993845,3904,0.037037037037037035,0.0,,,,,
S6_lockin,smart-random_explore,100,1.684852123260498,79,0.8860759493670886,0.8773584905660378,6,6,0.15,1.75,3.5066788490567866,3.5066788490567866,0.9994514536478333,6,52,0.019230769230769273,0.9807692307692307,,10.258802465670046,0.024725,0.9433749455281811,4064,0.8518518518518519,0.9038461538461539,,,,,
S6_lockin,smart-random_explore,101,2.9916415214538574,80,0.7375,0.7807017543859649,6,6,0.15,1.475,10.078531990154913,10.078531990154913,0.999630450849963,6,326,0.2239263803680982,0.7760736196319018,,7.132163287708853,0.0225375,0.7378288169623352,3750,0.8823529411764706,0.6304347826086957,,,,,
S6_lockin,smart-random_explore,102,2.0321319103240967,91,0.9340659340659341,0.9285714285714286,6,6,0.15,2.125,2.046357375995039,2.046357375995039,1.0,6,77,0.0,1.0,,9.957435840700194,0.022225,0.8746132801513542,3662,0.9142857142857143,0.9464285714285714,,,,,
S6_lockin,smart-random_explore,103,1.6676430702209473,89,0.7528089887640449,0.639344262295082,6,6,0.15,1.675,8.706315630059116,8.706315630059116,0.9990636704119851,6,56,0.0,1.0,,11.272777133762688,0.02191875,0.9338756366099412,3626,0.3333333333333333,1.0,,,,,
S6_lockin,smart-random_explore,104,2.3604047298431396,87,0.9770114942528736,0.9649122807017544,6,6,0.15,2.125,1.0065013678030301,1.0065013678030301,0.9989701338825953,6,72,0.02777777777777779,0.9722222222222222,,9.429338349403986,0.022312500000000002,0.9246691811033638,3675,0.9259259259259259,1.0,,,,,
S6_lockin,smart-no_jitter,100,1.7984733581542969,79,0.8354430379746836,0.8679245283018868,6,6,0.15,1.65,5.045740101776834,5.045740101776834,1.0,6,56,0.017857142857142905,0.9821428571428571,,10.495487095702236,0.02501875,0.9352038821259349,4033,0.9629629629629629,0.7692307692307693,,,,,
S6_lockin,smart-no_jitter,101,2.651883125305176,80,0.4875,0.6052631578947368,6,6,0.15,0.975,21.553652192277664,21.553652192277664,0.9997587600265364,6,283,0.23674911660777387,0.7632508833922261,,9.673530532232473,0.024625,0.7425092912982926,4044,0.8823529411764706,0.1956521739130435,,,,,
S6_lockin,smart-no_jitter,102,3.3263261318206787,91,0.8571428571428571,0.8968253968253969,6,6,0.15,1.95,6.297480371689925,6.297480371689925,0.9997292174383969,6,69,0.0,1.0,,10.054702852729573,0.0252625,0.8839687608202138,4072,1.0,0.7678571428571429,,,,,
S6_lockin,smart-no_jitter,103,3.002997398376465,89,0.8764044943820225,0.8360655737704918,6,6,0.15,1.95,3.517599677459034,3.517599677459034,0.9996011168727563,6,65,0.03076923076923077,0.9692307692307692,,11.807307211097402,0.024706250000000003,0.9211263273244554,3975,0.7272727272727273,0.9642857142857143,,,,,
S6_lockin,smart-no_jitter,104,0.5345346927642822,87,0.0,0.0,6,0,0.0,0.0,,38.16647220212155,,0,0,,,,,0.02439375,0.9964124871073753,3903,0.0,0.0,,,,,
S7_colocated,smart,100,6.3797523975372314,1060,0.34150943396226413,0.3191534168684848,21,18,0.45,9.05,2.9090078137643505,7.690108024358094,0.9373527373527374,24,938,0.3230277185501066,0.6769722814498934,,3.8076308341632914,0.02274375,0.45387916424169467,3860,0.6931818181818182,0.7241379310344828,0.4666666666666667,0.5882352941176471,,0.5160349854227405,0.13793103448275862
S7_colocated,smart,101,7.117420434951782,1390,0.30503597122302156,0.29920823436262867,21,20,0.5,10.6,9.396441700258682,10.851186835461368,0.990026273499477,25,859,0.440046565774156,0.559953434225844,,4.182422198115277,0.02224375,0.4482776254306282,3803,0.32407407407407407,0.2631578947368421,0.4,0.5,,0.5229885057471264,0.20954598370197905
S7_colocated,smart,102,6.679295539855957,1294,0.3562596599690881,0.33584324463078635,21,21,0.525,11.525,4.08791281826069,4.08791281826069,0.9818068992750966,28,759,0.35836627140974964,0.6416337285902504,,4.488842043138165,0.02475,0.47221225326843297,4111,0.6868686868686869,0.5625,0.8235294117647058,0.75,,0.16758241758241757,0.36164383561643837
S7_colocated,smart,103,7.439477205276489,1344,0.37797619047619047,0.3770785784153896,21,17,0.425,12.7,6.145421443444348,12.037952050437719,0.9537860757446218,18,1428,0.2647058823529411,0.7352941176470589,,4.338208644052178,0.019450000000000002,0.30368160726125654,3456,0.6091954022988506,0.4594594594594595,0.6111111111111112,0.08823529411764706,,0.22163588390501318,0.4309252217997465
S7_colocated,smart,104,5.5310282707214355,1359,0.41353936718175127,0.4121480289621883,21,19,0.475,14.05,5.563847391936537,8.583006874659294,0.9962954191758576,20,1001,0.39860139860139865,0.6013986013986014,,5.092454210437358,0.0144375,0.34194939438135624,2616,0.48936170212765956,0.6857142857142857,0.5555555555555556,0.037037037037037035,,0.2674772036474164,0.4591121495327103
S7_colocated,smart-no_lock,100,3.695512056350708,1060,0.20660377358490567,0.19037590818153102,21,20,0.5,5.475,6.5570063583079845,8.088759661087801,0.9169585823202143,25,0,,,,,0.0305875,0.7660954444057467,4928,0.5227272727272727,0.3103448275862069,0.4,0.3235294117647059,,0.2594752186588921,0.10526315789473684
S7_colocated,smart-no_lock,101,5.719050168991089,1390,0.1647482014388489,0.13855898653998416,21,21,0.525,5.725,7.202684262832065,7.202684262832065,0.9606548719302879,25,0,,,,,0.029481250000000004,0.6405272953252675,4774,0.5370370370370371,0.2894736842105263,0.6666666666666666,0.5909090909090909,,0.2988505747126437,0.03841676367869616
S7_colocated,smart-no_lock,102,5.352957725524902,1294,0.16924265842349304,0.14066911953452554,21,21,0.525,5.475,3.926325010498618,3.926325010498618,0.9305829858825251,28,0,,,,,0.03225625,0.6984028571613965,5207,0.46464646464646464,0.5625,0.7058823529411765,0.3333333333333333,,0.23901098901098902,0.04794520547945205
S7_colocated,smart-no_lock,103,6.173306226730347,1344,0.1644345238095238,0.14313661558526247,21,20,0.5,5.525,2.950907784706858,4.620192935556128,0.9520114755167243,24,0,,,,,0.029225,0.7093816795858773,4721,0.5172413793103449,0.2702702702702703,0.7777777777777778,0.6470588235294118,,0.17678100263852242,0.07984790874524715
S7_colocated,smart-no_lock,104,8.478977918624878,1359,0.20382634289919058,0.16862429605792437,21,21,0.525,6.925,2.8827110569105825,2.8827110569105825,0.9962348631321868,26,0,,,,,0.03159375,0.7038949304591584,5101,0.5638297872340425,1.0,0.7777777777777778,0.37037037037037035,,0.2735562310030395,0.08761682242990654
S7_colocated,smart-no_acquire,100,4.645644903182983,1060,0.25943396226415094,0.2627145414341371,21,20,0.5,6.875,7.013375514247218,8.548190722955889,0.9251808228923758,22,510,0.30980392156862746,0.6901960784313725,,9.49856613225122,0.019175,0.6258251981750486,3191,0.3068181818181818,0.1724137931034483,0.3333333333333333,0.5294117647058824,,0.09329446064139942,0.3411978221415608
S7_colocated,smart-no_acquire,101,4.053924083709717,1390,0.24964028776978417,0.2539192399049881,21,21,0.525,8.675,9.493767640497222,9.493767640497222,0.9883143743536712,29,715,0.379020979020979,0.620979020979021,,4.225556199290594,0.02113125,0.6676584577861344,3493,0.25,0.07894736842105263,0.4666666666666667,0.5909090909090909,,0.09770114942528736,0.3061699650756694
S7_colocated,smart-no_acquire,102,3.2743887901306152,1294,0.19938176197836166,0.19294943099170017,21,20,0.5,6.45,9.584507244332713,10.987947281444965,0.9887182828982202,26,589,0.22580645161290325,0.7741935483870968,,6.53042064657135,0.01870625,0.5747195984892172,3112,0.29292929292929293,0.20833333333333334,0.4117647058823529,0.5833333333333334,,0.14285714285714285,0.19041095890410958
S7_colocated,smart-no_acquire,103,3.69606876373291,1344,0.37202380952380953,0.4000652103032279,21,17,0.425,12.5,11.41725915043211,16.7171454292409,0.99592355951314,19,717,0.5704323570432357,0.4295676429567643,,3.300510968895067,0.01290625,0.5267420141197159,2396,0.08045977011494253,0.05405405405405406,0.2222222222222222,0.17647058823529413,,0.036939313984168866,0.5918884664131813
S7_colocated,smart-no_acquire,104,3.6953253746032715,1359,0.34363502575423105,0.3617860016090105,21,17,0.425,11.675,6.922502516500384,12.983088926180374,0.9965011820330969,22,806,0.4491315136476427,0.5508684863523573,,5.184184859204485,0.01368125,0.4887618733802039,2520,0.2127659574468085,0.05714285714285714,0.3888888888888889,0.18518518518518517,,0.02127659574468085,0.4976635514018692
S7_colocated,smart-no_lock_no_acquire,100,2.415877342224121,1060,0.09622641509433963,0.08465831315152153,21,21,0.525,2.55,9.28968227242103,9.28968227242103,0.9111675126903553,28,0,,,,,0.021525,0.866884693017184,3503,0.20454545454545456,0.2413793103448276,0.26666666666666666,0.35294117647058826,,0.08163265306122448,0.05989110707803993
S7_colocated,smart-no_lock_no_acquire,101,1.978569746017456,1390,0.07697841726618705,0.07102137767220902,21,20,0.5,2.675,10.537691521410421,11.7936835827991,0.9841737210158262,23,0,,,,,0.02164375,0.8418265330241289,3502,0.12962962962962962,0.07894736842105263,0.3333333333333333,0.5454545454545454,,0.06896551724137931,0.0570430733410943
S7_colocated,smart-no_lock_no_acquire,102,2.1117842197418213,1294,0.0919629057187017,0.08770428681440917,21,18,0.45,2.975,8.712551865442672,13.055992654312005,0.9683118659523539,23,0,,,,,0.02115625,0.8383296619097672,3429,0.16161616161616163,0.020833333333333332,0.29411764705882354,0.3055555555555556,,0.09340659340659341,0.07123287671232877
S7_colocated,smart-no_lock_no_acquire,103,2.5985231399536133,1344,0.09449404761904762,0.08884903814802739,21,19,0.475,3.175,8.301489060696847,11.126366052111747,0.9626468769325912,24,0,,,,,0.021306250000000002,0.8634659718629965,3448,0.14942528735632185,0.13513513513513514,0.2777777777777778,0.35294117647058826,,0.0870712401055409,0.07477820025348543
S7_colocated,smart-no_lock_no_acquire,104,2.3046841621398926,1359,0.09124356144223694,0.08238133547868061,21,20,0.5,3.1,7.15260390995463,8.68280376187668,0.9859470311172882,30,0,,,,,0.02135625,0.8661221205367792,3468,0.23404255319148937,0.08571428571428572,0.2777777777777778,0.2222222222222222,,0.0911854103343465,0.06775700934579439
S7_colocated,smart-sweep_explore,100,6.527827739715576,1060,0.4226415094339623,0.4162367063283142,21,19,0.475,11.2,3.807387780265211,7.056316605980255,0.9722663408674405,22,807,0.4634448574969021,0.5365551425030979,,4.823544473525791,0.02015625,0.43733375857116863,3412,0.6136363636363636,0.6206896551724138,0.4,0.6470588235294118,,0.4139941690962099,0.3738656987295826
S7_colocated,smart-sweep_explore,101,5.768326759338379,1390,0.30863309352517987,0.30641330166270786,21,17,0.425,10.725,5.145288701902702,11.496746901048779,0.9780214110666838,20,1047,0.3342884431709646,0.6657115568290354,,5.706652935247815,0.01974375,0.38898629822555736,3358,0.3888888888888889,0.0,0.5333333333333333,0.9090909090909091,,0.46839080459770116,0.2281722933643772
S7_colocated,smart-sweep_explore,102,6.740542411804199,1294,0.34853168469860896,0.3340463763155643,21,18,0.45,11.275,5.037788990385825,9.748924486472376,0.9664146517952941,21,877,0.33751425313568983,0.6624857468643102,,4.316350795390096,0.0242125,0.32266246493218875,4063,0.7070707070707071,0.5625,0.7647058823529411,0.0,,0.2802197802197802,0.3273972602739726
S7_colocated,smart-sweep_explore,103,6.088505744934082,1344,0.40922619047619047,0.4175089664166938,21,14,0.35,13.75,3.572060054528989,15.112049337157876,0.9833387253316079,15,1227,0.38712306438467803,0.612876935615322,,4.734373086762038,0.0140125,0.3132392652036826,2703,0.5287356321839081,0.3783783783783784,0.5555555555555556,0.0,,0.21635883905013192,0.5044359949302915
S7_colocated,smart-sweep_explore,104,8.183696269989014,1359,0.3443708609271523,0.3244569589702333,21,20,0.5,11.7,2.968243956726929,4.701790027377179,0.9813665716656444,21,1263,0.2264449722882027,0.7735550277117973,,4.0620749461008305,0.021593750000000002,0.34791912868499847,3688,0.6702127659574468,0.7714285714285715,0.8888888888888888,0.3333333333333333,,0.3191489361702128,0.2897196261682243
S7_colocated,smart-random_explore,100,5.504067897796631,1060,0.2160377358490566,0.1940612825102664,21,18,0.45,5.725,9.87364292104895,13.897474677589988,0.8145220193340494,22,1074,0.1871508379888268,0.8128491620111732,,8.865048317343746,0.01914375,0.2768499461567583,3394,0.5227272727272727,0.27586206896551724,0.8,0.5294117647058824,,0.3498542274052478,0.045372050816696916
S7_colocated,smart-random_explore,101,4.680974960327148,1390,0.33884892086330937,0.3336500395882819,21,19,0.475,11.775,8.786713603549249,11.617983186348102,0.9886864150617497,29,1061,0.3336475023562677,0.6663524976437323,,4.3841930953702875,0.021181250000000002,0.4594504855980379,3550,0.25,0.5789473684210527,0.8666666666666667,0.36363636363636365,,0.40804597701149425,0.30151338766006985
S7_colocated,smart-random_explore,102,6.318908452987671,1294,0.3168469860896445,0.30067596474715497,21,21,0.525,10.25,6.090963251972023,6.090963251972023,0.978028765551928,26,638,0.39655172413793105,0.603448275862069,,5.20586674990445,0.02430625,0.40849779964252425,4028,0.6060606060606061,0.4791666666666667,0.5882352941176471,0.5277777777777778,,0.260989010989011,0.27808219178082194
S7_colocated,smart-random_explore,103,6.8111889362335205,1344,0.4010416666666667,0.402918161069449,21,15,0.375,13.475,3.1403112939406537,13.143385276297769,0.9728170220439075,17,1190,0.4050420168067227,0.5949579831932773,,3.465466291808799,0.0175125,0.34511889464244283,3207,0.6206896551724138,0.5135135135135135,0.5555555555555556,0.0,,0.23482849604221637,0.46514575411913817
S7_colocated,smart-random_explore,104,6.086929559707642,1359,0.36644591611479027,0.35655671761866453,21,20,0.5,12.45,2.641830056827451,4.390919646520533,0.9905045398609772,25,1088,0.2977941176470589,0.7022058823529411,,5.362411103902891,0.0183875,0.3207732175374873,3226,0.5425531914893617,0.6571428571428571,0.8888888888888888,0.14814814814814814,,0.19756838905775076,0.39602803738317754
S7_colocated,smart-no_jitter,100,6.353051424026489,1060,0.42641509433962266,0.4179214488785932,21,19,0.475,11.3,4.7966790704615985,7.951389678062702,0.9700453001132503,21,897,0.3756967670011149,0.6243032329988851,,4.702384678632001,0.020925,0.37591604320401656,3549,0.6136363636363636,0.5862068965517241,0.6,0.7058823529411765,,0.36443148688046645,0.4047186932849365
S7_colocated,smart-no_jitter,101,4.3144543170928955,1390,0.30287769784172663,0.2954869358669834,21,18,0.45,10.525,2.186183961723705,7.37455201801803,0.9795754905887064,23,1281,0.2810304449648712,0.7189695550351288,,5.0705861393364255,0.02264375,0.35391393875060806,3805,0.5555555555555556,0.0,0.9333333333333333,0.9545454545454546,,0.25862068965517243,0.27473806752037255
S7_colocated,smart-no_jitter,102,3.9764349460601807,1294,0.32380216383307575,0.3040985710618636,21,21,0.525,10.475,10.638498501950087,10.638498501950087,0.9683180331328479,24,727,0.2929848693259972,0.7070151306740028,,4.704918510804898,0.025806250000000003,0.34577310724898336,4294,0.7575757575757576,0.4583333333333333,0.8823529411764706,0.2777777777777778,,0.17032967032967034,0.3219178082191781
S7_colocated,smart-no_jitter,103,3.3327672481536865,1344,0.35267857142857145,0.35286925334202807,21,17,0.425,11.85,8.491213942304068,14.24495057260501,0.9651616499442587,20,1224,0.3651960784313726,0.6348039215686274,,5.069689935956451,0.014575,0.3268386736687352,2747,0.5632183908045977,0.35135135135135137,0.6666666666666666,0.058823529411764705,,0.18469656992084432,0.4157160963244613
S7_colocated,smart-no_jitter,104,5.050295114517212,1359,0.3083149374540103,0.2835076427996782,21,21,0.525,10.475,5.309960975199432,5.309960975199432,0.9893540591731435,24,941,0.22529224229543043,0.7747077577045696,,4.629501499044296,0.024625,0.39958990132004146,4135,0.6914893617021277,0.8285714285714286,0.6111111111111112,0.6296296296296297,,0.3495440729483283,0.21261682242990654
