scenario,seed,method,sec,ari,ami,v_measure,homogeneity,completeness,n_true,n_pred,noise_frac
S7_colocated,1000,dbscan,0.18225598335266113,0.13107902214622355,0.5051884532563038,0.5092006094336153,0.9861897729989898,0.3432037059031257,13,48,0.003940110323089046
S7_colocated,1000,hdbscan,0.21065664291381836,0.13103075078664986,0.5025387421192851,0.5061467699792624,0.9760463566981908,0.34166056694022834,13,35,0.0031520882584712374
S7_colocated,1000,learned,2.082007646560669,0.9737456819548206,0.9507306698416164,0.9509429341299238,0.9247936801031814,0.9786139991562416,13,10,0.00512214342001576
S7_colocated,1001,dbscan,0.7568798065185547,0.9547313867724992,0.9238934702758502,0.9243711488824417,0.992760968180526,0.864796603415022,17,41,0.0005432420686657974
S7_colocated,1001,hdbscan,0.376910924911499,0.954588482171957,0.9237003568610211,0.9240781104181538,0.9884040178650622,0.8676133310143985,17,27,0.0011408083441981746
S7_colocated,1001,learned,4.034686803817749,0.9884143636767366,0.9755848327966762,0.975645829601413,0.9620610363781174,0.9896197661654124,17,11,0.002987831377661886
S7_colocated,1002,dbscan,0.8339295387268066,0.9122045789328425,0.8844826689987387,0.8852370752269035,0.901136883352453,0.8698886166837176,16,46,0.0007127583749109052
S7_colocated,1002,hdbscan,0.34092283248901367,0.978328379683309,0.9355514655582772,0.9358859663691815,0.9938761049591992,0.8842899034409942,16,33,0.0006618470624172691
S7_colocated,1002,learned,2.2732608318328857,0.8929990851415032,0.8897067514322237,0.889867152593489,0.801586183736833,1.0,16,7,0.0016291619997963547
S7_colocated,1003,dbscan,0.5700945854187012,0.8631495743074402,0.8802645780092054,0.8812596892664276,0.9999589044110668,0.7877504824534657,17,55,0.00011606987406418665
S7_colocated,1003,hdbscan,0.31182146072387695,0.8633442226347493,0.8847986248482252,0.8854977765082279,0.9987391226616659,0.7953208686939042,17,33,0.002553537229412106
S7_colocated,1003,learned,2.561599016189575,0.7036890461120253,0.8896293853248312,0.8899592986652054,0.8128815711436447,0.9831852867085997,17,12,0.0024374673553479195
S7_colocated,1004,dbscan,0.6626999378204346,0.7111672208004383,0.8498322658817072,0.8503287520361774,0.9976465488871176,0.7409204907088524,14,25,0.0
S7_colocated,1004,hdbscan,0.3225417137145996,0.7112216392737738,0.8517186896485002,0.8521473678583223,0.9987134307003028,0.7430946122887142,14,18,0.0006641943875574252
S7_colocated,1004,learned,2.610048532485962,0.991631021552411,0.9767666001894568,0.976824265074779,0.9900477732095592,0.963949338964905,14,12,0.004981457906680689
S7_colocated,1005,dbscan,1.38676118850708,0.9650099189362574,0.9253347736739198,0.9257807799283023,0.9978043836933663,0.8634548089792027,17,70,0.0007216663933081843
S7_colocated,1005,hdbscan,0.6076405048370361,0.9649370197699962,0.9253127371438393,0.9256089848285869,0.992298806485137,0.8673187478217549,17,39,0.002427423322945711
S7_colocated,1005,learned,5.24191427230835,0.7977918620948512,0.8828706485731869,0.883073229587493,0.8403180534861726,0.9304123830410412,17,14,0.018828932261768083
S7_colocated,1006,dbscan,0.3573439121246338,0.8634747155053433,0.8099756746683356,0.8110435727825763,0.9371354166905483,0.714859075477366,12,33,0.002931691586045148
S7_colocated,1006,hdbscan,0.2022111415863037,0.8754110691129946,0.8383593039816173,0.8391249885835352,0.9901951425418939,0.7280493766251612,12,23,0.0027851070067428907
S7_colocated,1006,learned,2.2661895751953125,0.8684659342283595,0.9115962985055298,0.9117870781386728,0.8387592970128589,0.9987441718381809,12,8,0.002711814717091762
S7_colocated,1007,dbscan,1.0623528957366943,0.9680885885195561,0.9231873762766131,0.9235198628307383,0.9837982205618894,0.8702016850065152,16,33,0.00037227001985440107
S7_colocated,1007,hdbscan,0.4577646255493164,0.9729271956989671,0.9286780318898297,0.9289700541160599,0.9976835801167148,0.8691116696538761,16,29,0.00235771012574454
S7_colocated,1007,learned,3.8080058097839355,0.9924811440384017,0.9640891834972934,0.9641969927465,0.9859723229787172,0.9433627016825928,16,20,0.0030608868299139644
S7_colocated,1008,dbscan,0.2654554843902588,0.7194017192936176,0.82189609026995,0.823160638055039,0.9951795790360143,0.701845181612042,15,38,0.002334573575545342
S7_colocated,1008,hdbscan,0.33042240142822266,0.7194863657242624,0.824133636784999,0.8251622490619013,0.9940628768837214,0.7053214962287256,15,27,0.0014591084847158386
S7_colocated,1008,learned,2.0423641204833984,0.673261013940059,0.746400566892778,0.7489497415369372,0.9599150461874569,0.6140064825795306,15,54,0.05099584154081856
S7_colocated,1009,dbscan,0.8311862945556641,0.9098450910739113,0.9074736621258485,0.9077674924962259,1.0000000000000002,0.8311119530500597,14,31,0.0
S7_colocated,1009,hdbscan,0.522228479385376,0.9098450910739113,0.9074736621258485,0.907767492496226,1.0000000000000002,0.8311119530500599,14,30,0.0005136106831022085
S7_colocated,1009,learned,3.2313661575317383,0.9720951118898598,0.9678066586480473,0.9678667884934227,0.9857327438026036,0.9506369287857847,14,16,0.011417960570502943
S2_dense,1000,dbscan,0.04301142692565918,0.9729312273657235,0.9138178870499744,0.9212120306085817,0.9848386039089788,0.8653078708283475,29,77,0.02163974398049375
S2_dense,1000,hdbscan,0.06823277473449707,0.9915872423015522,0.9650583610718165,0.9667842950359549,0.9773019677401198,0.9564905932564057,29,31,0.009753124047546479
S2_dense,1000,learned,0.3263978958129883,0.9430043111940648,0.9368097667637046,0.9394023793829605,0.9249164246056687,0.9543493092544825,29,24,0.04602255409935995
S2_dense,1001,dbscan,0.20510053634643555,0.9999543821044389,0.9983243422247368,0.9983529225030471,0.9998572878483792,0.9968530772331244,24,26,0.00043923865300146415
S2_dense,1001,hdbscan,0.17792320251464844,0.9999404096153259,0.9981950963188192,0.9982238472643838,0.9973831449414516,0.9990659680525328,24,22,0.0013177159590043923
S2_dense,1001,learned,0.953101634979248,0.988929829743014,0.9751886109881939,0.9755201224683585,0.971398931942585,0.9796764305423245,24,16,0.011859443631039532
S2_dense,1002,dbscan,0.019801616668701172,0.9805440070282091,0.9636322207421595,0.9656328412016183,0.970744415285446,0.9605748163912472,28,39,0.005917159763313609
S2_dense,1002,hdbscan,0.029783964157104492,0.9940913600598269,0.9839703483217019,0.9846445307897761,0.9800468491222654,0.9892855538786978,28,24,0.020536025060911938
S2_dense,1002,learned,0.19222235679626465,0.9770580246846239,0.9608442686475636,0.962238003714977,0.9438677890283976,0.9813374797134965,28,19,0.030978071702053602
S2_dense,1003,dbscan,0.10293006896972656,0.9727365116726654,0.9478699198760997,0.9497874436689109,0.9769222870438001,0.9241192493574524,27,59,0.0023066277102875596
S2_dense,1003,hdbscan,0.08579683303833008,0.9955232473590981,0.960126770903265,0.9613893648864346,0.9887881133049289,0.9354680837393176,27,44,0.0103029371059511
S2_dense,1003,learned,0.9062564373016357,0.9758899634036778,0.9782454328830548,0.9786388104544148,0.9585162990046487,0.999624318808926,27,19,0.01368599108103952
S2_dense,1004,dbscan,0.3611576557159424,0.9998915172237576,0.9966763357662762,0.9967453952811238,1.0,0.9935119067411845,27,32,0.00012784454103809768
S2_dense,1004,hdbscan,0.12766289710998535,0.9998227444487187,0.9957373495606628,0.9958185463964515,0.9959582736638961,0.9956788583293851,27,27,0.0
S2_dense,1004,learned,0.936969518661499,0.995168123844993,0.9721005490683308,0.972603729812266,0.9776493236788402,0.9676099486029301,27,23,0.0016619790334952698
S2_dense,1005,dbscan,0.19245314598083496,0.9989390563864256,0.9827785265238874,0.9831640305387016,0.9953807768898765,0.9712435312265802,28,50,0.008851540616246498
S2_dense,1005,hdbscan,0.12943410873413086,0.9992739361944661,0.9900202525529684,0.9902008369462576,0.9950508796136366,0.9853978447682845,28,31,0.003249299719887955
S2_dense,1005,learned,0.8831729888916016,0.9974921763229768,0.986414058120235,0.9866313201213912,0.9891152275940234,0.9841598567829145,28,24,0.006610644257703081
S2_dense,1006,dbscan,0.2039492130279541,0.9736133718578539,0.9484569336159839,0.9497186946692543,0.9996094089116414,0.9045713497942478,30,53,0.0013189935064935065
S2_dense,1006,hdbscan,0.15466618537902832,0.9735354042114922,0.9470507801447932,0.9482397481992462,0.9946496708540928,0.9059676884184529,30,44,0.0038555194805194805
S2_dense,1006,learned,1.205594539642334,0.9856940413943767,0.9715486663439871,0.9719584743617723,0.9733409853498209,0.9705798851764487,30,24,0.013900162337662338
S2_dense,1007,dbscan,0.8609669208526611,0.999322119410728,0.9829943636358138,0.9832417310927271,0.9952427446921414,0.971526694599108,27,50,0.001812478215406065
S2_dense,1007,hdbscan,0.46837425231933594,0.9995062506906135,0.986939044028414,0.9871023673912405,0.9952982401878251,0.9790403714755037,27,34,0.00292784942488672
S2_dense,1007,learned,2.0655932426452637,0.9562045957738016,0.9523237207607108,0.9527811527036177,0.9693211865259489,0.9367961112335513,27,21,0.015196932729173928
S2_dense,1008,dbscan,0.23339176177978516,0.9998962317227539,0.9949366977273416,0.9950057905954495,0.9987319172037021,0.9913073639385045,26,34,0.002323467016870391
S2_dense,1008,hdbscan,0.1447587013244629,0.9998066705818873,0.9947830641898422,0.994841748501218,0.9926811261200894,0.9970117968135741,26,22,0.0021214264067077482
S2_dense,1008,learned,1.1500966548919678,0.9980036513368536,0.9856052086189757,0.9857350271017135,0.9723400173094875,0.9995042529040907,26,15,0.010001010203050813
S2_dense,1009,dbscan,0.08133482933044434,0.9948112894013482,0.9635788547732507,0.9647585547568927,0.9903844306523397,0.9404253537706996,26,52,0.008013082583810302
S2_dense,1009,hdbscan,0.07819104194641113,0.9967886926843549,0.989167384947923,0.9893827686627404,0.9828856673970675,0.995966336170073,26,23,0.004905968928863451
S2_dense,1009,learned,0.4557805061340332,0.9651186402245209,0.9456605867377669,0.9466932165524048,0.9555323726218261,0.9380160948809203,26,21,0.0024529844644317253
