file,method,pulses,sec,ari,ami,v_measure,homogeneity,completeness,n_true,n_pred,noise_frac
config_0.h5,dbscan,788,0.01074528694152832,0.0,0.0,0.0,1.0,0.0,1,4,0.0
config_0.h5,hdbscan,788,0.03516650199890137,0.0,0.0,0.0,1.0,0.0,1,4,0.0
config_0.h5,learned_sim,788,0.2489316463470459,0.0,0.0,0.0,1.0,0.0,1,4,0.0
config_0.h5,learned_turing,788,0.02950453758239746,0.0,0.0,0.0,1.0,0.0,1,4,0.0012690355329949238
config_122.h5,dbscan,5000,0.05046534538269043,0.140093972148383,0.6204872029734427,0.6280587047837962,0.9774786114273238,0.4626683520149412,15,40,0.0302
config_122.h5,hdbscan,5000,0.06607198715209961,0.14276298816397254,0.6332541631325278,0.6394112859384333,0.987680619663642,0.47272289917269034,15,28,0.0018
config_122.h5,learned_sim,5000,0.27695631980895996,0.13758980535494075,0.612359066961937,0.6179295786352915,0.9519003406234444,0.45743883285781084,15,23,0.0196
config_122.h5,learned_turing,5000,0.4642372131347656,0.12270369361165225,0.5880349390444772,0.595640417633208,0.9545869441099231,0.43287101454895066,15,31,0.03
config_148.h5,dbscan,5000,0.04978179931640625,0.036165959046930186,0.26610033505412445,0.2692911389308838,0.9954886869789105,0.1557056546398924,5,19,0.002
config_148.h5,hdbscan,5000,0.07018542289733887,0.03614020432268705,0.2643372733380928,0.2673066162094952,0.9858943720152091,0.15461358275447903,5,16,0.0042
config_148.h5,learned_sim,5000,0.25314784049987793,0.03610866754486266,0.264005909038591,0.26686450743741,0.9826220781145172,0.15439831551192107,5,15,0.0078
config_148.h5,learned_turing,5000,0.45192408561706543,0.033129487802546646,0.2492907887538487,0.25296406010619205,0.978137513749732,0.14526627348556215,5,21,0.0082
config_173.h5,dbscan,5000,0.040383338928222656,0.11825076013689426,0.5673011772620631,0.5768998216853337,0.9931539895102239,0.4065184073702618,12,62,0.0084
config_173.h5,hdbscan,5000,0.0733952522277832,0.10408065027301777,0.5591671029902544,0.5684484795368611,0.9849184947335835,0.39951477897223747,12,57,0.0132
config_173.h5,learned_sim,5000,0.28850817680358887,0.13582662845995352,0.5873964187878146,0.5941063630807579,0.9745247382596385,0.4273030669976776,12,40,0.0186
config_173.h5,learned_turing,5000,0.36129188537597656,0.1964437905310215,0.5863119839286229,0.5936858337361955,0.958438013565721,0.4300296918828966,12,44,0.0404
config_198.h5,dbscan,5000,0.1744396686553955,0.8831666205233935,0.6885063795861218,0.692443929111874,0.9982658753503825,0.5300587380562435,8,36,0.0044
config_198.h5,hdbscan,5000,0.0928032398223877,0.8833573734909826,0.6931594523439002,0.6965722965496015,0.9925784169982499,0.5365597734114756,8,30,0.0004
config_198.h5,learned_sim,5000,0.6867654323577881,0.9989175196951285,0.9843525812132672,0.9844041998691903,0.9914677979509542,0.9774405373889686,8,6,0.0002
config_198.h5,learned_turing,5000,0.511873722076416,0.8006854760648768,0.6613047789173315,0.6647319468960612,0.9805999471560471,0.5027784244866035,8,27,0.0144
config_222.h5,dbscan,5000,0.23200654983520508,0.9833772525916189,0.8676765596925918,0.8710299798413675,0.9595826991478863,0.7974401822308683,17,24,0.0162
config_222.h5,hdbscan,5000,0.0921468734741211,0.9827580417049067,0.8843269739683085,0.8872779955902925,0.9833856368343713,0.8082833441036715,17,22,0.0052
config_222.h5,learned_sim,5000,0.9877779483795166,0.969488293030914,0.8580102482371555,0.8600490119374118,0.8585662267933573,0.8615369276246002,17,9,0.0026
config_222.h5,learned_turing,5000,0.6644833087921143,0.8089402145365863,0.7508577843398969,0.7566630187008297,0.9340867529555729,0.6358814517294644,17,19,0.0124
config_248.h5,dbscan,5000,0.07005500793457031,0.5169452180361683,0.7329396245055774,0.7406690288318718,0.9961715252813376,0.5894772787245545,17,46,0.0076
config_248.h5,hdbscan,5000,0.06707763671875,0.5147381398560669,0.7282147716410058,0.7356518039691085,0.9922722634424548,0.584491259526032,17,39,0.0006
config_248.h5,learned_sim,5000,0.29733991622924805,0.5266632457946916,0.7669977883370787,0.7709440968734994,0.9731222503110716,0.6383243399055475,17,20,0.0064
config_248.h5,learned_turing,5000,0.36586451530456543,0.4685874904749204,0.7281843812701088,0.7341139859329912,0.9763110757098649,0.5881976301846091,17,28,0.0076
config_48.h5,dbscan,5000,0.04123544692993164,0.24534493758238704,0.6575872519402864,0.6738363744975907,0.9235202873231225,0.530429026853071,26,78,0.024
config_48.h5,hdbscan,5000,0.07752871513366699,0.2541090309135389,0.67501350695043,0.689149866626802,0.9512749712820284,0.5402760660601149,26,61,0.0238
config_48.h5,learned_sim,5000,0.34145379066467285,0.19800193046070708,0.6188914475931803,0.6331913535160784,0.8498014634526366,0.5045771747894753,26,48,0.0564
config_48.h5,learned_turing,5000,0.3739736080169678,0.5712366094929364,0.7604123551670758,0.7670213586424512,0.8209282310343821,0.7197579116908089,26,29,0.0512
config_73.h5,dbscan,5000,0.16828465461730957,0.9471791216765169,0.7762137532541832,0.7828684506470875,0.9883607000499095,0.6481170149834933,15,54,0.01
config_73.h5,hdbscan,5000,0.07383227348327637,0.9471538509046009,0.7764204526204476,0.7820732408921974,0.9728379981710714,0.6538576524756745,15,40,0.0104
config_73.h5,learned_sim,5000,0.7900691032409668,0.9540133551498688,0.8287464905388263,0.8312548675774268,0.9410498440685449,0.7444032155940412,15,18,0.0152
config_73.h5,learned_turing,5000,0.5192379951477051,0.8835432255526662,0.800425664847767,0.8036309993595059,0.9543947629918094,0.6940010855360776,15,21,0.0222
config_99.h5,dbscan,5000,0.031057119369506836,0.4104444581295431,0.6815590852832466,0.6867602545336814,0.9983327155333899,0.5234082910059316,9,55,0.0034
config_99.h5,hdbscan,5000,0.06573343276977539,0.4107542083784458,0.684505844027444,0.6885983583763787,0.9910746416127622,0.5275805985934368,9,41,0.0128
config_99.h5,learned_sim,5000,0.2836794853210449,0.44076351171095424,0.6637518732919329,0.6669035664420631,0.7641717711623232,0.5916011490415966,9,23,0.0082
config_99.h5,learned_turing,5000,0.3010101318359375,0.7254354733593009,0.7815524949750642,0.7836339499174046,0.9945676794196858,0.6465168711671617,9,26,0.0102
