observed,model,next_word_acc,next_mode_acc,transition_acc,change_auc,where_next_acc,nll,steps,transitions
all,unigram,0.7072675754326849,0.7074207382447542,0.2834270878407616,0.7440717894773006,0.4889658156642146,1.1352085316139888,26116,2311
all,persistence,0.8919436360851585,0.9115101853270026,0.0,0.23678371370006426,0.6745997403721333,0.7573668582986943,26116,2311
all,ngram1,0.8919436360851585,0.9114718946239853,0.00043271311120726956,0.7539831282785788,0.7845088706187797,0.4513693989486855,26116,2311
all,ngram3,0.8935901363149027,0.9116633481390718,0.0025962786672436176,0.8025237508237774,0.7767200346170489,0.41830961525150157,26116,2311
all,ngram6,0.8904120079644662,0.9095190687701026,0.018606663781912593,0.8186629955580785,0.7568152315015145,0.4288163652750212,26116,2311
all,psr8,0.8844769489967835,0.9018609281666411,0.0021635655560363477,0.7647332270500498,0.7819125919515362,0.46745022576225526,26116,2311
all,psr16,0.8805712972890182,0.8987593812222392,0.0199048031155344,0.7650781251207094,0.7819125919515362,0.5285678472028397,26116,2311
all,psr24,0.8737938428549549,0.8899525195282585,0.013414106447425357,0.7619443769608306,0.7754218952834271,0.542044293150183,26116,2311
all,gru,0.8937050084239546,0.9100168479093276,0.04370402423193423,0.8647777616907749,0.7563825183903072,0.3461054861545563,26116,2311
70%,unigram,0.7072903543846196,0.7074546749192091,0.29749430523917997,0.7498990245373209,0.5066059225512528,1.1347860889597132,18257,2195
70%,persistence,0.8615325628526045,0.8797721421920359,0.0,0.2370558249652755,0.6569476082004556,0.9674391099603824,18257,2195
70%,ngram1,0.8615873363641343,0.8797721421920359,0.00045558086560364467,0.7542399341503836,0.7753986332574032,0.5412210346478151,18257,2195
70%,ngram3,0.8607657336911869,0.879114860053678,0.01184510250569476,0.7972041709673421,0.7571753986332574,0.5179227633136081,18257,2195
70%,ngram6,0.8585200197184641,0.8764309579887166,0.03416856492027335,0.8097530100473421,0.7362186788154897,0.5337867732411691,18257,2195
70%,psr8,0.8510160486388783,0.8670099140055869,0.002277904328018223,0.7659832386404731,0.7603644646924829,0.5695431253105071,18257,2195
70%,psr16,0.8472366763433203,0.8636687298022676,0.014123006833712985,0.7650394300672592,0.7617312072892939,0.5856579599417365,18257,2195
70%,psr24,0.8371035767103029,0.852330612915594,0.010478359908883827,0.7606442035971657,0.744874715261959,0.6340174538492067,18257,2195
70%,gru,0.8622993920140221,0.8782932573807307,0.04373576309794989,0.8397718096362926,0.7371298405466971,0.4348111152648926,18257,2195
