ckpt,scenario,seed,pd,pd_weighted
checkpoints/candidates/run1_300k.pt,S1_sparse,500,0.7916666666666666,0.8074866310160428
checkpoints/candidates/run1_300k.pt,S1_sparse,501,0.7083333333333334,0.7041420118343196
checkpoints/candidates/run1_300k.pt,S1_sparse,502,0.8888888888888888,0.9310344827586207
checkpoints/candidates/run1_300k.pt,S1_sparse,503,0.9111111111111111,0.8596491228070176
checkpoints/candidates/run1_300k.pt,S1_sparse,504,0.9818181818181818,0.9710144927536232
checkpoints/candidates/run1_300k.pt,S2_dense,500,0.43293347873500543,0.37663280116110304
checkpoints/candidates/run1_300k.pt,S2_dense,501,0.6579247434435576,0.664223331253899
checkpoints/candidates/run1_300k.pt,S2_dense,502,0.6424517593643587,0.6532245410324807
checkpoints/candidates/run1_300k.pt,S2_dense,503,0.518058690744921,0.502539587690469
checkpoints/candidates/run1_300k.pt,S2_dense,504,0.5585156993339676,0.5244067379810649
checkpoints/candidates/run1_300k.pt,S3_mfr,500,0.6134328358208955,0.621602787456446
checkpoints/candidates/run1_300k.pt,S3_mfr,501,0.5623306233062331,0.565036259836445
checkpoints/candidates/run1_300k.pt,S3_mfr,502,0.5777080062794349,0.5955745630345853
checkpoints/candidates/run1_300k.pt,S3_mfr,503,0.6926406926406926,0.728585657370518
checkpoints/candidates/run1_300k.pt,S3_mfr,504,0.7440993788819876,0.770434539611569
checkpoints/candidates/run1_300k.pt,S4_agile_lpi,500,0.8909090909090909,0.8830985915492958
checkpoints/candidates/run1_300k.pt,S4_agile_lpi,501,0.918918918918919,0.9080932784636488
checkpoints/candidates/run1_300k.pt,S4_agile_lpi,502,0.8301886792452831,0.8953488372093024
checkpoints/candidates/run1_300k.pt,S4_agile_lpi,503,1.0,1.0
checkpoints/candidates/run1_300k.pt,S4_agile_lpi,504,0.8604651162790697,0.8726937269372693
checkpoints/candidates/run1_300k.pt,S5_popup,500,0.48919449901768175,0.4488135593220339
checkpoints/candidates/run1_300k.pt,S5_popup,501,0.5245579567779961,0.5272562768604389
checkpoints/candidates/run1_300k.pt,S5_popup,502,0.36043956043956044,0.3160687215765538
checkpoints/candidates/run1_300k.pt,S5_popup,503,0.5222929936305732,0.5074047098810391
checkpoints/candidates/run1_300k.pt,S5_popup,504,0.34507042253521125,0.33941705257423044
checkpoints/candidates/run1_300k.pt,S6_lockin,500,0.9397590361445783,0.9181818181818182
checkpoints/candidates/run1_300k.pt,S6_lockin,501,0.7096774193548387,0.7388059701492538
checkpoints/candidates/run1_300k.pt,S6_lockin,502,0.9431818181818182,0.921875
checkpoints/candidates/run1_300k.pt,S6_lockin,503,0.8505747126436781,0.8842975206611571
checkpoints/candidates/run1_300k.pt,S6_lockin,504,0.7368421052631579,0.7890625
checkpoints/candidates/run1_300k.pt,S7_colocated,500,0.30597014925373134,0.2850526315789474
checkpoints/candidates/run1_300k.pt,S7_colocated,501,0.23604060913705585,0.21663406910682687
checkpoints/candidates/run1_300k.pt,S7_colocated,502,0.30879541108986613,0.2883161146021941
checkpoints/candidates/run1_300k.pt,S7_colocated,503,0.4120287253141831,0.4200337535987293
checkpoints/candidates/run1_300k.pt,S7_colocated,504,0.43761814744801514,0.4569133926633384
checkpoints/candidates/run2_pretrained.pt,S1_sparse,500,0.6458333333333334,0.7112299465240641
checkpoints/candidates/run2_pretrained.pt,S1_sparse,501,0.3333333333333333,0.25443786982248523
checkpoints/candidates/run2_pretrained.pt,S1_sparse,502,0.7777777777777778,0.7844827586206896
checkpoints/candidates/run2_pretrained.pt,S1_sparse,503,0.6888888888888889,0.5672514619883041
checkpoints/candidates/run2_pretrained.pt,S1_sparse,504,0.9090909090909091,0.8985507246376812
checkpoints/candidates/run2_pretrained.pt,S2_dense,500,0.4994547437295529,0.5251088534107402
checkpoints/candidates/run2_pretrained.pt,S2_dense,501,0.34777651083238315,0.35199625701809106
checkpoints/candidates/run2_pretrained.pt,S2_dense,502,0.3518728717366629,0.4109524556723678
checkpoints/candidates/run2_pretrained.pt,S2_dense,503,0.536117381489842,0.5146399760979982
checkpoints/candidates/run2_pretrained.pt,S2_dense,504,0.49571836346336823,0.46710930775851467
checkpoints/candidates/run2_pretrained.pt,S3_mfr,500,0.6611940298507463,0.7043554006968641
checkpoints/candidates/run2_pretrained.pt,S3_mfr,501,0.5257452574525745,0.5255361826878568
checkpoints/candidates/run2_pretrained.pt,S3_mfr,502,0.6216640502354788,0.6418743027147639
checkpoints/candidates/run2_pretrained.pt,S3_mfr,503,0.6810966810966811,0.7136454183266933
checkpoints/candidates/run2_pretrained.pt,S3_mfr,504,0.6211180124223602,0.6466396534860975
checkpoints/candidates/run2_pretrained.pt,S4_agile_lpi,500,0.9454545454545454,0.9464788732394366
checkpoints/candidates/run2_pretrained.pt,S4_agile_lpi,501,0.9099099099099099,0.9026063100137174
checkpoints/candidates/run2_pretrained.pt,S4_agile_lpi,502,0.8207547169811321,0.7979651162790697
checkpoints/candidates/run2_pretrained.pt,S4_agile_lpi,503,0.8414634146341463,0.8461538461538461
checkpoints/candidates/run2_pretrained.pt,S4_agile_lpi,504,0.6976744186046512,0.6937269372693727
checkpoints/candidates/run2_pretrained.pt,S5_popup,500,0.4518664047151277,0.43977401129943505
checkpoints/candidates/run2_pretrained.pt,S5_popup,501,0.449901768172888,0.4304456005428636
checkpoints/candidates/run2_pretrained.pt,S5_popup,502,0.5494505494505495,0.5563415866599293
checkpoints/candidates/run2_pretrained.pt,S5_popup,503,0.4288747346072187,0.381646030589949
checkpoints/candidates/run2_pretrained.pt,S5_popup,504,0.5093896713615024,0.45927540179787524
checkpoints/candidates/run2_pretrained.pt,S6_lockin,500,0.7710843373493976,0.8
checkpoints/candidates/run2_pretrained.pt,S6_lockin,501,0.6344086021505376,0.5597014925373134
checkpoints/candidates/run2_pretrained.pt,S6_lockin,502,0.75,0.65625
checkpoints/candidates/run2_pretrained.pt,S6_lockin,503,0.9885057471264368,0.9917355371900827
checkpoints/candidates/run2_pretrained.pt,S6_lockin,504,0.7578947368421053,0.734375
checkpoints/candidates/run2_pretrained.pt,S7_colocated,500,0.3208955223880597,0.3136842105263158
checkpoints/candidates/run2_pretrained.pt,S7_colocated,501,0.3299492385786802,0.3073484213467449
checkpoints/candidates/run2_pretrained.pt,S7_colocated,502,0.39101338432122373,0.3732026839919054
checkpoints/candidates/run2_pretrained.pt,S7_colocated,503,0.40933572710951527,0.4047453588801747
checkpoints/candidates/run2_pretrained.pt,S7_colocated,504,0.3856332703213611,0.3873453440416757
checkpoints/candidates/run3_500k.pt,S1_sparse,500,0.8958333333333334,0.8770053475935828
checkpoints/candidates/run3_500k.pt,S1_sparse,501,0.6875,0.5266272189349113
checkpoints/candidates/run3_500k.pt,S1_sparse,502,0.9259259259259259,0.9267241379310345
checkpoints/candidates/run3_500k.pt,S1_sparse,503,0.6222222222222222,0.43859649122807015
checkpoints/candidates/run3_500k.pt,S1_sparse,504,0.8181818181818182,0.7971014492753623
checkpoints/candidates/run3_500k.pt,S2_dense,500,0.4547437295528899,0.469811320754717
checkpoints/candidates/run3_500k.pt,S2_dense,501,0.5974914481185861,0.6037117903930131
checkpoints/candidates/run3_500k.pt,S2_dense,502,0.6492622020431328,0.6535383649772477
checkpoints/candidates/run3_500k.pt,S2_dense,503,0.5237020316027088,0.49940244995518374
checkpoints/candidates/run3_500k.pt,S2_dense,504,0.5137963843958135,0.49760236075248987
checkpoints/candidates/run3_500k.pt,S3_mfr,500,0.6597014925373135,0.6897212543554007
checkpoints/candidates/run3_500k.pt,S3_mfr,501,0.5718157181571816,0.589569510877951
checkpoints/candidates/run3_500k.pt,S3_mfr,502,0.6342229199372057,0.6716251394570473
checkpoints/candidates/run3_500k.pt,S3_mfr,503,0.6883116883116883,0.7133134130146083
checkpoints/candidates/run3_500k.pt,S3_mfr,504,0.5863354037267081,0.6070979460667878
checkpoints/candidates/run3_500k.pt,S4_agile_lpi,500,0.7363636363636363,0.7352112676056338
checkpoints/candidates/run3_500k.pt,S4_agile_lpi,501,0.8468468468468469,0.8381344307270233
checkpoints/candidates/run3_500k.pt,S4_agile_lpi,502,0.8679245283018868,0.8648255813953488
checkpoints/candidates/run3_500k.pt,S4_agile_lpi,503,0.8658536585365854,0.8603238866396761
checkpoints/candidates/run3_500k.pt,S4_agile_lpi,504,0.8604651162790697,0.8431734317343174
checkpoints/candidates/run3_500k.pt,S5_popup,500,0.4950884086444008,0.45559322033898303
checkpoints/candidates/run3_500k.pt,S5_popup,501,0.5166994106090373,0.4960416195430898
checkpoints/candidates/run3_500k.pt,S5_popup,502,0.5076923076923077,0.4797877716018191
checkpoints/candidates/run3_500k.pt,S5_popup,503,0.4883227176220807,0.49186695799951446
checkpoints/candidates/run3_500k.pt,S5_popup,504,0.6338028169014085,0.6265322800326887
checkpoints/candidates/run3_500k.pt,S6_lockin,500,0.7951807228915663,0.7454545454545455
checkpoints/candidates/run3_500k.pt,S6_lockin,501,0.7849462365591398,0.7238805970149254
checkpoints/candidates/run3_500k.pt,S6_lockin,502,0.8068181818181818,0.75
checkpoints/candidates/run3_500k.pt,S6_lockin,503,0.7471264367816092,0.8016528925619835
checkpoints/candidates/run3_500k.pt,S6_lockin,504,0.8526315789473684,0.8671875
checkpoints/candidates/run3_500k.pt,S7_colocated,500,0.32369402985074625,0.3194736842105263
checkpoints/candidates/run3_500k.pt,S7_colocated,501,0.3011844331641286,0.2738195026543727
checkpoints/candidates/run3_500k.pt,S7_colocated,502,0.40152963671128106,0.4016402172755352
checkpoints/candidates/run3_500k.pt,S7_colocated,503,0.33662477558348297,0.3425990271021543
checkpoints/candidates/run3_500k.pt,S7_colocated,504,0.3780718336483932,0.38897330149772086
checkpoints/candidates/run3_600k.pt,S1_sparse,500,0.8125,0.7967914438502673
checkpoints/candidates/run3_600k.pt,S1_sparse,501,0.8125,0.7928994082840237
checkpoints/candidates/run3_600k.pt,S1_sparse,502,0.8888888888888888,0.9353448275862069
checkpoints/candidates/run3_600k.pt,S1_sparse,503,0.7555555555555555,0.631578947368421
checkpoints/candidates/run3_600k.pt,S1_sparse,504,0.8909090909090909,0.9227053140096618
checkpoints/candidates/run3_600k.pt,S2_dense,500,0.3238822246455834,0.32452830188679244
checkpoints/candidates/run3_600k.pt,S2_dense,501,0.6465222348916762,0.6525265127885215
checkpoints/candidates/run3_600k.pt,S2_dense,502,0.6901248581157775,0.7065746116428684
checkpoints/candidates/run3_600k.pt,S2_dense,503,0.5654627539503386,0.5969524947714371
checkpoints/candidates/run3_600k.pt,S2_dense,504,0.47573739295908657,0.455305545309234
checkpoints/candidates/run3_600k.pt,S3_mfr,500,0.6044776119402985,0.6445993031358885
checkpoints/candidates/run3_600k.pt,S3_mfr,501,0.551490514905149,0.5864835673507175
checkpoints/candidates/run3_600k.pt,S3_mfr,502,0.6452119309262166,0.6643733730011157
checkpoints/candidates/run3_600k.pt,S3_mfr,503,0.6724386724386724,0.7016932270916335
checkpoints/candidates/run3_600k.pt,S3_mfr,504,0.6186335403726708,0.6431465697918122
checkpoints/candidates/run3_600k.pt,S4_agile_lpi,500,0.7545454545454545,0.7436619718309859
checkpoints/candidates/run3_600k.pt,S4_agile_lpi,501,0.7297297297297297,0.6844993141289437
checkpoints/candidates/run3_600k.pt,S4_agile_lpi,502,0.7924528301886793,0.7819767441860465
checkpoints/candidates/run3_600k.pt,S4_agile_lpi,503,0.975609756097561,0.97165991902834
checkpoints/candidates/run3_600k.pt,S4_agile_lpi,504,0.813953488372093,0.8339483394833949
checkpoints/candidates/run3_600k.pt,S5_popup,500,0.3929273084479371,0.36903954802259886
checkpoints/candidates/run3_600k.pt,S5_popup,501,0.43418467583497056,0.4012666817462113
checkpoints/candidates/run3_600k.pt,S5_popup,502,0.5428571428571428,0.5247599797877716
checkpoints/candidates/run3_600k.pt,S5_popup,503,0.4989384288747346,0.4668608885651857
checkpoints/candidates/run3_600k.pt,S5_popup,504,0.5657276995305164,0.5301007899754835
checkpoints/candidates/run3_600k.pt,S6_lockin,500,0.9397590361445783,0.9272727272727272
checkpoints/candidates/run3_600k.pt,S6_lockin,501,0.7419354838709677,0.7761194029850746
checkpoints/candidates/run3_600k.pt,S6_lockin,502,0.875,0.84375
checkpoints/candidates/run3_600k.pt,S6_lockin,503,0.9540229885057471,0.9504132231404959
checkpoints/candidates/run3_600k.pt,S6_lockin,504,0.8842105263157894,0.875
checkpoints/candidates/run3_600k.pt,S7_colocated,500,0.30970149253731344,0.31073684210526314
checkpoints/candidates/run3_600k.pt,S7_colocated,501,0.3570219966159052,0.35326441277824344
checkpoints/candidates/run3_600k.pt,S7_colocated,502,0.29923518164435947,0.2724464799233145
checkpoints/candidates/run3_600k.pt,S7_colocated,503,0.30789946140035906,0.3010026804328403
checkpoints/candidates/run3_600k.pt,S7_colocated,504,0.4621928166351607,0.45799869763403517
checkpoints/candidates/run3_pretrained.pt,S1_sparse,500,0.125,0.10695187165775401
checkpoints/candidates/run3_pretrained.pt,S1_sparse,501,0.4583333333333333,0.40828402366863903
checkpoints/candidates/run3_pretrained.pt,S1_sparse,502,0.7037037037037037,0.7887931034482759
checkpoints/candidates/run3_pretrained.pt,S1_sparse,503,0.9555555555555556,0.9649122807017544
checkpoints/candidates/run3_pretrained.pt,S1_sparse,504,0.7636363636363637,0.7971014492753623
checkpoints/candidates/run3_pretrained.pt,S2_dense,500,0.3653217011995638,0.31727140783744556
checkpoints/candidates/run3_pretrained.pt,S2_dense,501,0.5849486887115165,0.5790704928259514
checkpoints/candidates/run3_pretrained.pt,S2_dense,502,0.6889897843359818,0.7056331398085673
checkpoints/candidates/run3_pretrained.pt,S2_dense,503,0.43792325056433407,0.40693158051986855
checkpoints/candidates/run3_pretrained.pt,S2_dense,504,0.4747859181731684,0.4657567933112013
checkpoints/candidates/run3_pretrained.pt,S3_mfr,500,0.744776119402985,0.7797909407665505
checkpoints/candidates/run3_pretrained.pt,S3_mfr,501,0.5203252032520326,0.5499151365530011
checkpoints/candidates/run3_pretrained.pt,S3_mfr,502,0.5934065934065934,0.6091483822982522
checkpoints/candidates/run3_pretrained.pt,S3_mfr,503,0.6594516594516594,0.6895750332005313
checkpoints/candidates/run3_pretrained.pt,S3_mfr,504,0.5242236024844721,0.5601509012155931
checkpoints/candidates/run3_pretrained.pt,S4_agile_lpi,500,0.6818181818181818,0.7014084507042253
checkpoints/candidates/run3_pretrained.pt,S4_agile_lpi,501,0.5945945945945946,0.5871056241426612
checkpoints/candidates/run3_pretrained.pt,S4_agile_lpi,502,0.8490566037735849,0.872093023255814
checkpoints/candidates/run3_pretrained.pt,S4_agile_lpi,503,0.7073170731707317,0.6882591093117408
checkpoints/candidates/run3_pretrained.pt,S4_agile_lpi,504,0.2558139534883721,0.22509225092250923
checkpoints/candidates/run3_pretrained.pt,S5_popup,500,0.41846758349705304,0.4038418079096045
checkpoints/candidates/run3_pretrained.pt,S5_popup,501,0.4223968565815324,0.4198145216014476
checkpoints/candidates/run3_pretrained.pt,S5_popup,502,0.4153846153846154,0.3799898938858009
checkpoints/candidates/run3_pretrained.pt,S5_popup,503,0.47770700636942676,0.4823986404467104
checkpoints/candidates/run3_pretrained.pt,S5_popup,504,0.6455399061032864,0.6461454644511032
checkpoints/candidates/run3_pretrained.pt,S6_lockin,500,0.927710843373494,0.9272727272727272
checkpoints/candidates/run3_pretrained.pt,S6_lockin,501,0.6021505376344086,0.5373134328358209
checkpoints/candidates/run3_pretrained.pt,S6_lockin,502,0.7386363636363636,0.7265625
checkpoints/candidates/run3_pretrained.pt,S6_lockin,503,0.9770114942528736,0.9752066115702479
checkpoints/candidates/run3_pretrained.pt,S6_lockin,504,0.16842105263157894,0.25
checkpoints/candidates/run3_pretrained.pt,S7_colocated,500,0.32649253731343286,0.316
checkpoints/candidates/run3_pretrained.pt,S7_colocated,501,0.33671742808798644,0.3214119400204899
checkpoints/candidates/run3_pretrained.pt,S7_colocated,502,0.2801147227533461,0.2678666524656513
checkpoints/candidates/run3_pretrained.pt,S7_colocated,503,0.30341113105924594,0.2889903702968331
checkpoints/candidates/run3_pretrained.pt,S7_colocated,504,0.19659735349716445,0.16974169741697417
